replication,loss__delta_prop,loss__delta_rec,loss__total,loss__delta_int,Lambda__delta_prop,Lambda__delta_rec,Lambda__total,Lambda__delta_int,T_rec__delta_prop,T_rec__delta_rec,T_rec__total,T_rec__delta_int,T_rec_bounded__delta_prop,T_rec_bounded__delta_rec,T_rec_bounded__total,T_rec_bounded__delta_int,lock_in__delta_prop,lock_in__delta_rec,lock_in__total,lock_in__delta_int,any_censored,q_prop,kappa_prop,q_rec,kappa_rec,seed_design,psi_prop,psi_rec
0,0.0018380394811590012,6.844215561320477e-05,0.0018985921515485976,-7.889485223608328e-06,0.0028675495284132824,0.0,0.0028675495284132824,0.0,0.0,0.0,0.0,0.0,0.0,0.0,0.0,0.0,0.0,0.0,0.0,0.0,False,0.25,0.25,0.25,0.25,0,0.0625,0.0625
1,0.0037733401154022017,0.002532875847402291,0.006546278706331593,0.00024006274352710022,0.023971031317338798,0.0,0.023971031317338798,0.0,0.0,20.0,20.0,0.0,0.0,20.0,20.0,0.0,0.0,0.0,0.0,0.0,False,0.25,0.25,0.25,0.25,0,0.0625,0.0625
2,0.0015661288866161138,0.003159973030218699,0.005087381328063217,0.00036127941122840457,0.006636279872173412,0.0,0.006636279872173412,0.0,0.0,20.0,30.0,10.0,0.0,20.0,30.0,10.0,0.0,0.0,0.0,0.0,False,0.25,0.25,0.25,0.25,0,0.0625,0.0625
3,0.0013696458688396002,0.0008773840323625937,0.002273460921570089,2.643102036789524e-05,0.002295233558323173,0.0,0.002295233558323173,0.0,0.0,10.0,10.0,0.0,0.0,10.0,10.0,0.0,0.0,0.0,0.0,0.0,False,0.25,0.25,0.25,0.25,0,0.0625,0.0625
4,0.0009204295562615095,0.0010447725642905026,0.002040311002974707,7.510888242269476e-05,0.0019484264692763986,0.0,0.0019484264692763986,0.0,0.0,10.0,10.0,0.0,0.0,10.0,10.0,0.0,0.0,0.0,0.0,0.0,False,0.25,0.25,0.25,0.25,0,0.0625,0.0625
5,0.0009071265820782964,2.0639014955997625e-05,0.0009279406593503958,1.7506231610175949e-07,0.006595088283145423,0.0,0.006595088283145423,0.0,0.0,0.0,0.0,0.0,0.0,0.0,0.0,0.0,0.0,0.0,0.0,0.0,False,0.25,0.25,0.25,0.25,0,0.0625,0.0625
6,0.00044918503044599767,2.937486920939758e-05,0.0004788635146534964,3.036149981011649e-07,0.001214049319361199,0.0,0.001214049319361199,0.0,0.0,0.0,0.0,0.0,0.0,0.0,0.0,0.0,0.0,0.0,0.0,0.0,False,0.25,0.25,0.25,0.25,0,0.0625,0.0625
7,0.0004866023138143001,0.0,0.0004866023138143001,0.0,0.004070326089999576,0.0,0.004070326089999576,0.0,0.0,0.0,0.0,0.0,0.0,0.0,0.0,0.0,0.0,0.0,0.0,0.0,False,0.25,0.25,0.25,0.25,0,0.0625,0.0625
8,0.0,0.0,0.0,0.0,0.0,0.0,0.0,0.0,0.0,0.0,0.0,0.0,0.0,0.0,0.0,0.0,0.0,0.0,0.0,0.0,False,0.25,0.25,0.25,0.25,0,0.0625,0.0625
9,0.0007682437613835968,0.0008939047494860991,0.001781936805332493,0.00011978829446279704,0.0013789252404726171,0.0,0.0013789252404726171,0.0,0.0,10.0,10.0,0.0,0.0,10.0,10.0,0.0,0.0,0.0,0.0,0.0,False,0.25,0.25,0.25,0.25,0,0.0625,0.0625
10,0.0005045073520109911,0.00012739661481279974,0.000628819431914604,-3.084534909186809e-06,0.00015304525787657175,0.0,0.00015304525787657175,0.0,0.0,0.0,0.0,0.0,0.0,0.0,0.0,0.0,0.0,0.0,0.0,0.0,False,0.25,0.25,0.25,0.25,0,0.0625,0.0625
11,0.003209078313402988,0.0006076930860631907,0.003928461155041696,0.00011168975557551697,0.020718896652262564,0.0,0.020718896652262564,0.0,0.0,0.0,10.0,10.0,0.0,0.0,10.0,10.0,0.0,0.0,0.0,0.0,False,0.25,0.25,0.25,0.25,0,0.0625,0.0625
0,0.0015422254916395983,4.0683003307201426e-05,0.0015953381581240988,1.24296631772991e-05,0.002934443748860427,0.0,0.002934443748860427,0.0,0.0,0.0,0.0,0.0,0.0,0.0,0.0,0.0,0.0,0.0,0.0,0.0,False,0.25,0.25,0.25,0.25,1,0.0625,0.0625
1,0.005278745836054893,0.0006959083338359956,0.0060319318531541904,5.7277683263301515e-05,0.03635011324137771,0.0,0.03635011324137771,0.0,0.0,10.0,10.0,0.0,0.0,10.0,10.0,0.0,0.0,0.0,0.0,0.0,False,0.25,0.25,0.25,0.25,1,0.0625,0.0625
2,0.0005936942368855169,0.0012264573925875044,0.0018224572475404044,2.305618067383053e-06,0.0019481493863189314,0.0,0.0019481493863189314,0.0,0.0,10.0,10.0,0.0,0.0,10.0,10.0,0.0,0.0,0.0,0.0,0.0,False,0.25,0.25,0.25,0.25,1,0.0625,0.0625
3,0.0013685263858297936,0.0008401347759718902,0.0024913289798541016,0.0002826678180524178,0.004132857022568104,0.0,0.004132857022568104,0.0,0.0,10.0,10.0,0.0,0.0,10.0,10.0,0.0,0.0,0.0,0.0,0.0,False,0.25,0.25,0.25,0.25,1,0.0625,0.0625
4,0.001049747464524603,3.736924253820717e-05,0.0010850023553067023,-2.1143517561078573e-06,0.002046491799463368,0.0,0.002046491799463368,0.0,0.0,0.0,0.0,0.0,0.0,0.0,0.0,0.0,0.0,0.0,0.0,0.0,False,0.25,0.25,0.25,0.25,1,0.0625,0.0625
5,0.0014997565994896989,0.0008609127495686972,0.0024008498961016964,4.018054704330032e-05,0.003386146833153303,0.0,0.003386146833153303,0.0,0.0,10.0,10.0,0.0,0.0,10.0,10.0,0.0,0.0,0.0,0.0,0.0,False,0.25,0.25,0.25,0.25,1,0.0625,0.0625
6,0.0004632071228468926,0.0011466412293375944,0.001624493080233394,1.464472804890704e-05,0.0005313954055412573,0.0,0.0005313954055412573,0.0,0.0,10.0,10.0,0.0,0.0,10.0,10.0,0.0,0.0,0.0,0.0,0.0,False,0.25,0.25,0.25,0.25,1,0.0625,0.0625
7,0.0008333559446801996,0.0,0.0008333559446801996,0.0,0.006584696741084917,0.0,0.006584696741084917,0.0,0.0,0.0,0.0,0.0,0.0,0.0,0.0,0.0,0.0,0.0,0.0,0.0,False,0.25,0.25,0.25,0.25,1,0.0625,0.0625
8,0.0,0.0,0.0,0.0,0.0,0.0,0.0,0.0,0.0,0.0,0.0,0.0,0.0,0.0,0.0,0.0,0.0,0.0,0.0,0.0,False,0.25,0.25,0.25,0.25,1,0.0625,0.0625
9,0.000586986172046694,2.4032667453099954e-05,0.0006134222837050896,2.4034442052955907e-06,0.0030514286007464198,0.0,0.0030514286007464198,0.0,0.0,0.0,0.0,0.0,0.0,0.0,0.0,0.0,0.0,0.0,0.0,0.0,False,0.25,0.25,0.25,0.25,1,0.0625,0.0625
10,0.00047581066492499713,0.0008562791922041985,0.0013414991778748914,9.409320745695782e-06,0.0018554529885453919,0.0,0.0018554529885453919,0.0,0.0,10.0,10.0,0.0,0.0,10.0,10.0,0.0,0.0,0.0,0.0,0.0,False,0.25,0.25,0.25,0.25,1,0.0625,0.0625
11,0.0024242416477613937,0.0012932649245406963,0.0038243039929283934,0.00010679742062630337,0.02090053625385524,0.0,0.02090053625385524,0.0,0.0,20.0,20.0,0.0,0.0,20.0,20.0,0.0,0.0,0.0,0.0,0.0,False,0.25,0.25,0.25,0.25,1,0.0625,0.0625
0,0.004515023997983397,0.0002239591509355099,0.0048468291896403976,0.0001078460407214904,0.007663946391789689,0.0,0.007663946391789689,0.0,0.0,0.0,0.0,0.0,0.0,0.0,0.0,0.0,0.0,0.0,0.0,0.0,False,0.25,0.6,0.25,0.6,0,0.15,0.15
1,0.008840729197405903,0.011367629380284391,0.021673316000370396,0.001464957422680102,0.060767913611217694,0.0,0.060767913611217694,0.0,0.0,100.0,110.0,10.0,0.0,100.0,110.0,10.0,0.0,0.0,0.0,0.0,False,0.25,0.6,0.25,0.6,0,0.15,0.15
2,0.003917333191068295,0.013273851691357696,0.018092038105138014,0.0009008532227120225,0.016201941075111637,0.0,0.016201941075111637,0.0,0.0,100.0,100.0,0.0,0.0,100.0,100.0,0.0,0.0,0.0,0.0,0.0,False,0.25,0.6,0.25,0.6,0,0.15,0.15
3,0.0032918059350532936,0.0037480214002504897,0.00749272402358829,0.000452896688284507,0.005802802949824104,0.0,0.005802802949824104,0.0,0.0,40.0,50.0,10.0,0.0,40.0,50.0,10.0,0.0,0.0,0.0,0.0,False,0.25,0.6,0.25,0.6,0,0.15,0.15
4,0.0023792530701051973,0.0041880557906531085,0.006887696215924707,0.0003203873551664016,0.0047154501708760455,0.0,0.0047154501708760455,0.0,0.0,40.0,50.0,10.0,0.0,40.0,50.0,10.0,0.0,0.0,0.0,0.0,False,0.25,0.6,0.25,0.6,0,0.15,0.15
5,0.0022284128235421016,0.00021521662617490084,0.0024471135400883012,3.4840903712987648e-06,0.016413683239258237,0.0,0.016413683239258237,0.0,0.0,0.0,0.0,0.0,0.0,0.0,0.0,0.0,0.0,0.0,0.0,0.0,False,0.25,0.6,0.25,0.6,0,0.15,0.15
6,0.0012585604908356002,7.058688747749176e-05,0.0013318056740490025,2.6582957359105874e-06,0.003490631304174596,0.0,0.003490631304174596,0.0,0.0,0.0,0.0,0.0,0.0,0.0,0.0,0.0,0.0,0.0,0.0,0.0,False,0.25,0.6,0.25,0.6,0,0.15,0.15
7,0.0010633675876483978,0.0,0.0010633675876483978,0.0,0.008348884921721311,0.0,0.008348884921721311,0.0,0.0,0.0,0.0,0.0,0.0,0.0,0.0,0.0,0.0,0.0,0.0,0.0,False,0.25,0.6,0.25,0.6,0,0.15,0.15
8,0.0,0.0,0.0,0.0,0.0,0.0,0.0,0.0,0.0,0.0,0.0,0.0,0.0,0.0,0.0,0.0,0.0,0.0,0.0,0.0,False,0.25,0.6,0.25,0.6,0,0.15,0.15
9,0.0019656630172128903,0.0034081757125137974,0.005711197728932096,0.0003373589992054088,0.0024668868859744064,0.0,0.0024668868859744064,0.0,0.0,40.0,40.0,0.0,0.0,40.0,40.0,0.0,0.0,0.0,0.0,0.0,False,0.25,0.6,0.25,0.6,0,0.15,0.15
10,0.0013052641163429912,0.00034420085191110006,0.0018614246289692937,0.00021195966071520245,0.003527144630488588,0.0,0.003527144630488588,0.0,0.0,0.0,0.0,0.0,0.0,0.0,0.0,0.0,0.0,0.0,0.0,0.0,False,0.25,0.6,0.25,0.6,0,0.15,0.15
11,0.007962539825587187,0.002258025817395093,0.010715737776714196,0.0004951721337319165,0.05044761897740435,0.0,0.05044761897740435,0.0,0.0,30.0,30.0,0.0,0.0,30.0,30.0,0.0,0.0,0.0,0.0,0.0,False,0.25,0.6,0.25,0.6,0,0.15,0.15
0,0.003427993734424706,0.00011968059534089859,0.003651227037566901,0.00010355270780129655,0.0057080446177749655,0.0,0.0057080446177749655,0.0,0.0,0.0,0.0,0.0,0.0,0.0,0.0,0.0,0.0,0.0,0.0,0.0,False,0.25,0.6,0.25,0.6,1,0.15,0.15
1,0.011237040811939103,0.002577236830273999,0.014909227048167897,0.0010949494059547954,0.0721102618888162,0.0,0.0721102618888162,0.0,0.0,40.0,50.0,10.0,0.0,40.0,50.0,10.0,0.0,0.0,0.0,0.0,False,0.25,0.6,0.25,0.6,1,0.15,0.15
2,0.0013590090344205163,0.005023399104947895,0.006447844587845614,6.543644847720187e-05,0.0031708788859237114,0.0,0.0031708788859237114,0.0,0.0,50.0,50.0,0.0,0.0,50.0,50.0,0.0,0.0,0.0,0.0,0.0,False,0.25,0.6,0.25,0.6,1,0.15,0.15
3,0.0035321820131686,0.0036166155857714904,0.008560009833403298,0.0014112122344632078,0.006886834980621315,0.0,0.006886834980621315,0.0,0.0,40.0,50.0,10.0,0.0,40.0,50.0,10.0,0.0,0.0,0.0,0.0,False,0.25,0.6,0.25,0.6,1,0.15,0.15
4,0.0025836726444233016,0.00013868320605450735,0.0031329195178647073,0.0004105636673868984,0.006629441359473187,0.0,0.006629441359473187,0.0,0.0,0.0,10.0,10.0,0.0,0.0,10.0,10.0,0.0,0.0,0.0,0.0,False,0.25,0.6,0.25,0.6,1,0.15,0.15
5,0.0034516993988501984,0.003934224552695799,0.008072305866754198,0.0006863819152082007,0.007201033578594529,0.0,0.007201033578594529,0.0,0.0,50.0,60.0,10.0,0.0,50.0,60.0,10.0,0.0,0.0,0.0,0.0,False,0.25,0.6,0.25,0.6,1,0.15,0.15
6,0.0011182335202084004,0.0049160428131711925,0.006222164803431893,0.0001878884700522998,0.0012959208247609322,0.0,0.0012959208247609322,0.0,0.0,50.0,50.0,0.0,0.0,50.0,50.0,0.0,0.0,0.0,0.0,0.0,False,0.25,0.6,0.25,0.6,1,0.15,0.15
7,0.0017950805017189,0.0,0.0017950805017189,0.0,0.012642823384374391,0.0,0.012642823384374391,0.0,0.0,0.0,0.0,0.0,0.0,0.0,0.0,0.0,0.0,0.0,0.0,0.0,False,0.25,0.6,0.25,0.6,1,0.15,0.15
8,0.0,0.0,0.0,0.0,0.0,0.0,0.0,0.0,0.0,0.0,0.0,0.0,0.0,0.0,0.0,0.0,0.0,0.0,0.0,0.0,False,0.25,0.6,0.25,0.6,1,0.15,0.15
9,0.0014674814101452022,8.006992803859247e-05,0.0015623099686838948,1.4758630500100178e-05,0.0054689453635958785,0.0,0.0054689453635958785,0.0,0.0,0.0,0.0,0.0,0.0,0.0,0.0,0.0,0.0,0.0,0.0,0.0,False,0.25,0.6,0.25,0.6,1,0.15,0.15
10,0.0013429866288676984,0.002673715796132098,0.004302148348484594,0.0002854459234847978,0.004897492898201794,0.0,0.004897492898201794,0.0,0.0,30.0,30.0,0.0,0.0,30.0,30.0,0.0,0.0,0.0,0.0,0.0,False,0.25,0.6,0.25,0.6,1,0.15,0.15
11,0.006559239618666793,0.003919144303542593,0.012352471469905799,0.0018740875476964125,0.05126182370980692,0.0,0.05126182370980692,0.0,0.0,50.0,70.0,20.0,0.0,50.0,70.0,20.0,0.0,0.0,0.0,0.0,False,0.25,0.6,0.25,0.6,1,0.15,0.15
0,0.007880674983415797,0.0005062867825222084,0.008853342716266907,0.00046638095032890126,0.016053808253530755,0.0,0.016053808253530755,0.0,0.0,0.0,10.0,10.0,0.0,0.0,10.0,10.0,0.0,0.0,0.0,0.0,False,0.25,1.0,0.25,1.0,0,0.25,0.25
1,0.01373721640410469,0.0354078972885344,0.06996499562264509,0.020819881930006,0.08712164511183984,0.0,0.08712164511183984,0.0,0.0,110.0,110.0,0.0,0.0,110.0,110.0,0.0,0.0,0.0,0.0,0.0,False,0.25,1.0,0.25,1.0,0,0.25,0.25
2,0.005981582300520094,0.045635019820419814,0.07127668781178889,0.019660085690848983,0.019504878566554362,0.0,0.019504878566554362,0.0,0.0,120.0,120.0,0.0,0.0,120.0,120.0,0.0,0.0,0.0,0.0,0.0,False,0.25,1.0,0.25,1.0,0,0.25,0.25
3,0.005643240216937989,0.0035918190367797004,0.010640869054356794,0.0014058098006391045,0.010214787824852689,0.0,0.010214787824852689,0.0,0.0,60.0,70.0,10.0,0.0,60.0,70.0,10.0,0.0,0.0,0.0,0.0,False,0.25,1.0,0.25,1.0,0,0.25,0.25
4,0.004199712040729803,0.003920862536216402,0.010922432823274611,0.0028018582463284064,0.006308916215439941,0.0,0.006308916215439941,0.0,0.0,50.0,80.0,30.0,0.0,50.0,80.0,30.0,0.0,0.0,0.0,0.0,False,0.25,1.0,0.25,1.0,0,0.25,0.25
5,0.003938111971821395,0.0004217281233735992,0.0043845467292598014,2.4706634064806943e-05,0.027710050691784838,0.0,0.027710050691784838,0.0,0.0,10.0,10.0,0.0,0.0,10.0,10.0,0.0,0.0,0.0,0.0,0.0,False,0.25,1.0,0.25,1.0,0,0.25,0.25
6,0.0024878250366069943,0.0003020502558938043,0.002804392631371097,1.451733887029849e-05,0.008484606232476266,0.0,0.008484606232476266,0.0,0.0,0.0,0.0,0.0,0.0,0.0,0.0,0.0,0.0,0.0,0.0,0.0,False,0.25,1.0,0.25,1.0,0,0.25,0.25
7,0.0017499252552137003,0.0,0.0017499252552137003,0.0,0.01328874998266949,0.0,0.01328874998266949,0.0,0.0,0.0,0.0,0.0,0.0,0.0,0.0,0.0,0.0,0.0,0.0,0.0,False,0.25,1.0,0.25,1.0,0,0.25,0.25
8,0.0,0.0,0.0,0.0,0.0,0.0,0.0,0.0,0.0,0.0,0.0,0.0,0.0,0.0,0.0,0.0,0.0,0.0,0.0,0.0,False,0.25,1.0,0.25,1.0,0,0.25,0.25
9,0.0035059445053966937,0.0031200518852593923,0.009630308926635495,0.0030043125359794087,0.005394969352417123,0.0,0.005394969352417123,0.0,0.0,40.0,60.0,20.0,0.0,40.0,60.0,20.0,0.0,0.0,0.0,0.0,False,0.25,1.0,0.25,1.0,0,0.25,0.25
10,0.002045394478127599,0.0008148511145283921,0.003146079694749296,0.00028583410209330473,0.0034621393664874822,0.0,0.0034621393664874822,0.0,0.0,10.0,20.0,10.0,0.0,10.0,20.0,10.0,0.0,0.0,0.0,0.0,False,0.25,1.0,0.25,1.0,0,0.25,0.25
11,0.012441191543280092,0.0040643565655723995,0.017804550276022,0.001299002167169508,0.07107386935152993,0.0,0.07107386935152993,0.0,0.0,50.0,70.0,20.0,0.0,50.0,70.0,20.0,0.0,0.0,0.0,0.0,False,0.25,1.0,0.25,1.0,0,0.25,0.25
0,0.005742459163392097,0.0003497379252383054,0.006543247775361499,0.00045105068673109705,0.01066942102616586,0.0,0.01066942102616586,0.0,0.0,0.0,10.0,10.0,0.0,0.0,10.0,10.0,0.0,0.0,0.0,0.0,False,0.25,1.0,0.25,1.0,1,0.25,0.25
1,0.016304234067093804,0.001273052821897297,0.020669728308014695,0.003092441419023595,0.08492401255862192,0.0,0.08492401255862192,0.0,0.0,50.0,90.0,40.0,0.0,50.0,90.0,40.0,0.0,0.0,0.0,0.0,False,0.25,1.0,0.25,1.0,1,0.25,0.25
2,0.0021421892153500044,0.0025903253680396032,0.0054500558305908,0.0007175412472011922,0.003400288730993628,0.0,0.003400288730993628,0.0,0.0,80.0,80.0,0.0,0.0,80.0,80.0,0.0,0.0,0.0,0.0,0.0,False,0.25,1.0,0.25,1.0,1,0.25,0.25
3,0.005604176844818495,0.0033933117980970012,0.09473900201286839,0.0857415133699529,0.007092451511004683,0.0,0.007092451511004683,0.0,0.0,60.0,,,0.0,60.0,2670.0,2610.0,0.0,0.0,1.0,1.0,True,0.25,1.0,0.25,1.0,1,0.25,0.25
4,0.0044736319011844106,0.0005429620500883026,0.006232791145905497,0.0012161971946327843,0.010034079992996658,0.0,0.010034079992996658,0.0,0.0,10.0,20.0,10.0,0.0,10.0,20.0,10.0,0.0,0.0,0.0,0.0,False,0.25,1.0,0.25,1.0,1,0.25,0.25
5,0.005795259348356896,0.0027564278986824953,0.008646232717786001,9.45454707466098e-05,0.010546175693653237,0.0,0.010546175693653237,0.0,0.0,70.0,80.0,10.0,0.0,70.0,80.0,10.0,0.0,0.0,0.0,0.0,False,0.25,1.0,0.25,1.0,1,0.25,0.25
6,0.001955384291429399,0.004599237488081498,0.005860969139742198,-0.0006936526397686993,0.0024397645130329604,0.0,0.0024397645130329604,0.0,0.0,80.0,90.0,10.0,0.0,80.0,90.0,10.0,0.0,0.0,0.0,0.0,False,0.25,1.0,0.25,1.0,1,0.25,0.25
7,0.0029266316982916978,0.0,0.0029266316982916978,0.0,0.018393750609940696,0.0,0.018393750609940696,0.0,0.0,0.0,0.0,0.0,0.0,0.0,0.0,0.0,0.0,0.0,0.0,0.0,False,0.25,1.0,0.25,1.0,1,0.25,0.25
8,0.0,0.0,0.0,0.0,0.0,0.0,0.0,0.0,0.0,0.0,0.0,0.0,0.0,0.0,0.0,0.0,0.0,0.0,0.0,0.0,False,0.25,1.0,0.25,1.0,1,0.25,0.25
9,0.0024095852559721936,0.0002867664571585965,0.002759307918488302,6.295620535751167e-05,0.009037942979259972,0.0,0.009037942979259972,0.0,0.0,10.0,10.0,0.0,0.0,10.0,10.0,0.0,0.0,0.0,0.0,0.0,False,0.25,1.0,0.25,1.0,1,0.25,0.25
10,0.0022276333878512022,0.001258882027961497,0.004187669674716399,0.0007011542589036995,0.006054341492018389,0.0,0.006054341492018389,0.0,0.0,40.0,50.0,10.0,0.0,40.0,50.0,10.0,0.0,0.0,0.0,0.0,False,0.25,1.0,0.25,1.0,1,0.25,0.25
11,0.010133460336719496,0.007497053647045088,0.10066699932752039,0.08303648534375581,0.06319432156977689,0.0,0.06319432156977689,0.0,0.0,110.0,,,0.0,110.0,2630.0,2520.0,0.0,0.0,1.0,1.0,True,0.25,1.0,0.25,1.0,1,0.25,0.25
0,0.0032026952215009064,0.0013361036798354015,0.004955883380106704,0.00041708447877039645,0.004663631521583,0.0,0.004663631521583,0.0,0.0,10.0,20.0,10.0,0.0,10.0,20.0,10.0,0.0,0.0,0.0,0.0,False,0.6,0.25,0.6,0.25,0,0.15,0.15
1,0.006805632514180593,0.0034199814158935027,0.010936653273841704,0.0007110393437676082,0.05410465505756534,0.0,0.05410465505756534,0.0,0.0,30.0,40.0,10.0,0.0,30.0,40.0,10.0,0.0,0.0,0.0,0.0,False,0.6,0.25,0.6,0.25,0,0.15,0.15
2,0.00399552071065401,0.006462365357265298,0.011488715879938993,0.0010308298120196846,0.015387865447273663,0.0,0.015387865447273663,0.0,0.0,60.0,70.0,10.0,0.0,60.0,70.0,10.0,0.0,0.0,0.0,0.0,False,0.6,0.25,0.6,0.25,0,0.15,0.15
3,0.003993746124684089,0.00032792309128790165,0.004418178508796694,9.650929282470355e-05,0.010809106288225068,0.0,0.010809106288225068,0.0,0.0,0.0,10.0,10.0,0.0,0.0,10.0,10.0,0.0,0.0,0.0,0.0,False,0.6,0.25,0.6,0.25,0,0.15,0.15
4,0.0022032544871031096,0.0010991532440706997,0.0034946208213189056,0.00019221309014509635,0.00452373928272809,0.0,0.00452373928272809,0.0,0.0,10.0,10.0,0.0,0.0,10.0,10.0,0.0,0.0,0.0,0.0,0.0,False,0.6,0.25,0.6,0.25,0,0.15,0.15
5,0.0012188689904632996,0.0008470533692448989,0.0020881060103975016,2.2183650689303058e-05,0.003041741658806718,0.0,0.003041741658806718,0.0,0.0,10.0,10.0,0.0,0.0,10.0,10.0,0.0,0.0,0.0,0.0,0.0,False,0.6,0.25,0.6,0.25,0,0.15,0.15
6,0.0009677011555064979,0.0033250098739111,0.004558456933954597,0.00026574590453699865,0.0013939585341858907,0.0,0.0013939585341858907,0.0,0.0,30.0,40.0,10.0,0.0,30.0,40.0,10.0,0.0,0.0,0.0,0.0,False,0.6,0.25,0.6,0.25,0,0.15,0.15
7,0.0005037567946194997,0.0,0.0005037567946194997,0.0,0.004687743566244185,0.0,0.004687743566244185,0.0,0.0,0.0,0.0,0.0,0.0,0.0,0.0,0.0,0.0,0.0,0.0,0.0,False,0.6,0.25,0.6,0.25,0,0.15,0.15
8,0.0,0.0003017237858605956,0.0003017237858605956,0.0,0.0,0.0,0.0,0.0,0.0,10.0,10.0,0.0,0.0,10.0,10.0,0.0,0.0,0.0,0.0,0.0,False,0.6,0.25,0.6,0.25,0,0.15,0.15
9,0.0022544803510849976,0.001430283854635797,0.0044043156290272945,0.0007195514233064998,0.004568775642542489,0.0,0.004568775642542489,0.0,0.0,20.0,20.0,0.0,0.0,20.0,20.0,0.0,0.0,0.0,0.0,0.0,False,0.6,0.25,0.6,0.25,0,0.15,0.15
10,0.0024960832267439947,0.0011171988137781003,0.0039070779615593965,0.00029379592103730146,0.007781510377941003,0.0,0.007781510377941003,0.0,0.0,10.0,20.0,10.0,0.0,10.0,20.0,10.0,0.0,0.0,0.0,0.0,False,0.6,0.25,0.6,0.25,0,0.15,0.15
11,0.00754803985989079,0.0020837745957852927,0.010883870034132992,0.0012520555784569093,0.05000866716171015,0.0,0.05000866716171015,0.0,0.0,20.0,30.0,10.0,0.0,20.0,30.0,10.0,0.0,0.0,0.0,0.0,False,0.6,0.25,0.6,0.25,0,0.15,0.15
0,0.004124561455043307,0.0004753996474396033,0.004767424204345297,0.00016746310186238622,0.008801208628988033,0.0,0.008801208628988033,0.0,0.0,0.0,10.0,10.0,0.0,0.0,10.0,10.0,0.0,0.0,0.0,0.0,False,0.6,0.25,0.6,0.25,1,0.15,0.15
1,0.006326995855369194,0.0013313747284909028,0.008054937811079799,0.00039656722721970183,0.046842800903105775,0.0,0.046842800903105775,0.0,0.0,20.0,20.0,0.0,0.0,20.0,20.0,0.0,0.0,0.0,0.0,0.0,False,0.6,0.25,0.6,0.25,1,0.15,0.15
2,0.002753818185979112,0.006425634509508393,0.009628544493629904,0.0004490917981423981,0.005170491293335022,0.0,0.005170491293335022,0.0,0.0,60.0,70.0,10.0,0.0,60.0,70.0,10.0,0.0,0.0,0.0,0.0,False,0.6,0.25,0.6,0.25,1,0.15,0.15
3,0.0036812238497321015,0.00023854214850219102,0.00397450341958519,5.4737421350897764e-05,0.008587630941829516,0.0,0.008587630941829516,0.0,0.0,0.0,0.0,0.0,0.0,0.0,0.0,0.0,0.0,0.0,0.0,0.0,False,0.6,0.25,0.6,0.25,1,0.15,0.15
4,0.0026578658727083038,8.515751062750099e-05,0.002739482755105105,-3.5406282306998937e-06,0.00687249956060898,0.0,0.00687249956060898,0.0,0.0,0.0,0.0,0.0,0.0,0.0,0.0,0.0,0.0,0.0,0.0,0.0,False,0.6,0.25,0.6,0.25,1,0.15,0.15
5,0.0015066984941777967,0.0009237103327921006,0.0026569487971732017,0.0002265399702033044,0.004276616516701137,0.0,0.004276616516701137,0.0,0.0,10.0,20.0,10.0,0.0,10.0,20.0,10.0,0.0,0.0,0.0,0.0,False,0.6,0.25,0.6,0.25,1,0.15,0.15
6,0.0016192618239651013,0.0034270374308718043,0.005277556554090401,0.00023125729925349559,0.003560746216356492,0.0,0.003560746216356492,0.0,0.0,30.0,40.0,10.0,0.0,30.0,40.0,10.0,0.0,0.0,0.0,0.0,False,0.6,0.25,0.6,0.25,1,0.15,0.15
7,0.0007967110242388976,3.880335345599756e-05,0.0008356352474543985,1.2086975950328926e-07,0.0060380513800287194,0.0,0.0060380513800287194,0.0,0.0,0.0,0.0,0.0,0.0,0.0,0.0,0.0,0.0,0.0,0.0,0.0,False,0.6,0.25,0.6,0.25,1,0.15,0.15
8,0.0008118129173652969,2.3391659704982692e-06,0.000814736700576496,5.846172407009131e-07,0.005823495534386491,0.0,0.005823495534386491,0.0,0.0,0.0,0.0,0.0,0.0,0.0,0.0,0.0,0.0,0.0,0.0,0.0,False,0.6,0.25,0.6,0.25,1,0.15,0.15
9,0.0032213963272735013,0.0008048204950319021,0.004209796655196191,0.00018357983289078728,0.00864512559479147,0.0,0.00864512559479147,0.0,0.0,10.0,10.0,0.0,0.0,10.0,10.0,0.0,0.0,0.0,0.0,0.0,False,0.6,0.25,0.6,0.25,1,0.15,0.15
10,0.0033299840983644913,0.001773643154806201,0.00526031828554839,0.00015669103237769821,0.008711520084849822,0.0,0.008711520084849822,0.0,0.0,20.0,20.0,0.0,0.0,20.0,20.0,0.0,0.0,0.0,0.0,0.0,False,0.6,0.25,0.6,0.25,1,0.15,0.15
11,0.006252396434512489,0.0008026825595367909,0.007259943937568597,0.00020486494351931728,0.04176898052607714,0.0,0.04176898052607714,0.0,0.0,10.0,10.0,0.0,0.0,10.0,10.0,0.0,0.0,0.0,0.0,0.0,False,0.6,0.25,0.6,0.25,1,0.15,0.15
0,0.0074797609441520085,0.004919429202020806,0.016542437080606404,0.004143246934433589,0.011419830904689454,0.0,0.011419830904689454,0.0,0.0,60.0,100.0,40.0,0.0,60.0,100.0,40.0,0.0,0.0,0.0,0.0,False,0.6,0.6,0.6,0.6,0,0.36,0.36
1,0.014601409065822704,0.015092617504033304,0.03414015076877751,0.0044461241989215,0.10806916835737113,0.0,0.10806916835737113,0.0,0.0,150.0,180.0,30.0,0.0,150.0,180.0,30.0,0.0,0.0,0.0,0.0,False,0.6,0.6,0.6,0.6,0,0.36,0.36
2,0.009579296261955,0.027328006439986202,0.04397616694540951,0.007068864243468309,0.033746191997601094,0.0,0.033746191997601094,0.0,0.0,250.0,310.0,60.0,0.0,250.0,310.0,60.0,0.0,0.0,0.0,0.0,False,0.6,0.6,0.6,0.6,0,0.36,0.36
3,0.009598568419263598,0.001361877790589397,0.013031645254066401,0.0020711990442134065,0.02351874145876326,0.0,0.02351874145876326,0.0,0.0,30.0,40.0,10.0,0.0,30.0,40.0,10.0,0.0,0.0,0.0,0.0,False,0.6,0.6,0.6,0.6,0,0.36,0.36
4,0.005756481606486202,0.004623765410473699,0.012429192009217507,0.0020489449922576064,0.011684686755489615,0.0,0.011684686755489615,0.0,0.0,50.0,80.0,30.0,0.0,50.0,80.0,30.0,0.0,0.0,0.0,0.0,False,0.6,0.6,0.6,0.6,0,0.36,0.36
5,0.0029710922405133955,0.003738877722065298,0.007099680720913201,0.00038971075833450775,0.005679044592507232,0.0,0.005679044592507232,0.0,0.0,50.0,50.0,0.0,0.0,50.0,50.0,0.0,0.0,0.0,0.0,0.0,False,0.6,0.6,0.6,0.6,0,0.36,0.36
6,0.002315998175220199,0.015012857266538698,0.018845476046173704,0.0015166206044148062,0.003223036685047642,0.0,0.003223036685047642,0.0,0.0,140.0,160.0,20.0,0.0,140.0,160.0,20.0,0.0,0.0,0.0,0.0,False,0.6,0.6,0.6,0.6,0,0.36,0.36
7,0.0011232666575028,0.0,0.0011232666575028,0.0,0.009390086842520018,0.0,0.009390086842520018,0.0,0.0,0.0,0.0,0.0,0.0,0.0,0.0,0.0,0.0,0.0,0.0,0.0,False,0.6,0.6,0.6,0.6,0,0.36,0.36
8,0.0,0.0010110893001608959,0.0010110893001608959,0.0,0.0,0.0,0.0,0.0,0.0,20.0,20.0,0.0,0.0,20.0,20.0,0.0,0.0,0.0,0.0,0.0,False,0.6,0.6,0.6,0.6,0,0.36,0.36
9,0.0059057944465417955,0.006214642771812592,0.016022753603971693,0.003902316385617305,0.009291199328703703,0.0,0.009291199328703703,0.0,0.0,70.0,110.0,40.0,0.0,70.0,110.0,40.0,0.0,0.0,0.0,0.0,False,0.6,0.6,0.6,0.6,0,0.36,0.36
10,0.005737376320166604,0.003576808584750499,0.012101004188852502,0.002786819283935399,0.017672746383984306,0.0,0.017672746383984306,0.0,0.0,50.0,90.0,40.0,0.0,50.0,90.0,40.0,0.0,0.0,0.0,0.0,False,0.6,0.6,0.6,0.6,0,0.36,0.36
11,0.018571818986921493,0.008004073696724692,0.0387333194610472,0.012157426777401018,0.11754554551227525,0.0,0.11754554551227525,0.0,0.0,80.0,180.0,100.0,0.0,80.0,180.0,100.0,0.0,0.0,0.0,0.0,False,0.6,0.6,0.6,0.6,0,0.36,0.36
0,0.009591915642990598,0.001382282449682401,0.013806318295607009,0.0028321202029340103,0.01896303117786935,0.0,0.01896303117786935,0.0,0.0,20.0,60.0,40.0,0.0,20.0,60.0,40.0,0.0,0.0,0.0,0.0,False,0.6,0.6,0.6,0.6,1,0.36,0.36
1,0.01320989410548,0.004961249014977104,0.021350954652186893,0.00317981153172979,0.0811247811229916,0.0,0.0811247811229916,0.0,0.0,70.0,100.0,30.0,0.0,70.0,100.0,30.0,0.0,0.0,0.0,0.0,False,0.6,0.6,0.6,0.6,1,0.36,0.36
2,0.006922581762539209,0.027719814026314904,0.03762214364708241,0.002979747858228299,0.014955719234305165,0.0,0.014955719234305165,0.0,0.0,250.0,270.0,20.0,0.0,250.0,270.0,20.0,0.0,0.0,0.0,0.0,False,0.6,0.6,0.6,0.6,1,0.36,0.36
3,0.008692486623200893,0.0008577136522393974,0.010173134451049795,0.0006229341756095047,0.017530270478628596,0.0,0.017530270478628596,0.0,0.0,10.0,30.0,20.0,0.0,10.0,30.0,20.0,0.0,0.0,0.0,0.0,False,0.6,0.6,0.6,0.6,1,0.36,0.36
4,0.006764197202898406,0.000531043190762498,0.007811550890268498,0.0005163104966075943,0.012640646587198878,0.0,0.012640646587198878,0.0,0.0,10.0,20.0,10.0,0.0,10.0,20.0,10.0,0.0,0.0,0.0,0.0,False,0.6,0.6,0.6,0.6,1,0.36,0.36
5,0.003699079312786395,0.004180161378372099,0.009653318762323997,0.0017740780711655024,0.007999231304111232,0.0,0.007999231304111232,0.0,0.0,60.0,80.0,20.0,0.0,60.0,80.0,20.0,0.0,0.0,0.0,0.0,False,0.6,0.6,0.6,0.6,1,0.36,0.36
6,0.0038723328151092917,0.0151702113797436,0.020876807269718495,0.0018342630748656025,0.00649954622403226,0.0,0.00649954622403226,0.0,0.0,150.0,160.0,10.0,0.0,150.0,160.0,10.0,0.0,0.0,0.0,0.0,False,0.6,0.6,0.6,0.6,1,0.36,0.36
7,0.001811383758723098,0.00016009080863169795,0.002256717795153299,0.0002852432277985033,0.01333848367964069,0.0,0.01333848367964069,0.0,0.0,0.0,10.0,10.0,0.0,0.0,10.0,10.0,0.0,0.0,0.0,0.0,False,0.6,0.6,0.6,0.6,1,0.36,0.36
8,0.002119076850369994,5.613998328997394e-06,0.0021307014563360996,6.010607637108034e-06,0.014837065025292417,0.0,0.014837065025292417,0.0,0.0,0.0,0.0,0.0,0.0,0.0,0.0,0.0,0.0,0.0,0.0,0.0,False,0.6,0.6,0.6,0.6,1,0.36,0.36
9,0.007802189712672103,0.003190198008810999,0.01297405174474879,0.001981664023265689,0.013716250168913202,0.0,0.013716250168913202,0.0,0.0,40.0,60.0,20.0,0.0,40.0,60.0,20.0,0.0,0.0,0.0,0.0,False,0.6,0.6,0.6,0.6,1,0.36,0.36
10,0.007829505307114099,0.005476611824560093,0.0165703106824093,0.003264193550735109,0.018838383325927077,0.0,0.018838383325927077,0.0,0.0,70.0,100.0,30.0,0.0,70.0,100.0,30.0,0.0,0.0,0.0,0.0,False,0.6,0.6,0.6,0.6,1,0.36,0.36
11,0.014773075451625692,0.002437638543335993,0.0195098772221005,0.0022991632271388146,0.08878614643005289,0.0,0.08878614643005289,0.0,0.0,30.0,60.0,30.0,0.0,30.0,60.0,30.0,0.0,0.0,0.0,0.0,False,0.6,0.6,0.6,0.6,1,0.36,0.36
0,0.012312638837321005,0.005769244014372302,0.15370484573640458,0.13562296288471126,0.017515988177332686,0.0,0.017515988177332686,0.0,0.0,100.0,,,0.0,100.0,2640.0,2540.0,0.0,0.0,1.0,1.0,True,0.6,1.0,0.6,1.0,0,0.6,0.6
1,0.020595750756323597,0.03574698921061849,0.6460200691050829,0.5896773291381409,0.12470298592692697,0.0,0.12470298592692697,0.0,0.0,200.0,,,0.0,200.0,2660.0,2460.0,0.0,0.0,1.0,1.0,True,0.6,1.0,0.6,1.0,0,0.6,0.6
2,0.014091798143632706,0.05417938775894551,0.6022019398760616,0.5339307539734834,0.03702857800241455,0.0,0.03702857800241455,0.0,0.0,350.0,,,0.0,350.0,2380.0,2030.0,0.0,0.0,1.0,1.0,True,0.6,1.0,0.6,1.0,0,0.6,0.6
3,0.016118257787382698,0.003427200458144389,0.02687469741245259,0.0073292391669255025,0.03543851796558134,0.0,0.03543851796558134,0.0,0.0,70.0,150.0,80.0,0.0,70.0,150.0,80.0,0.0,0.0,0.0,0.0,False,0.6,1.0,0.6,1.0,0,0.6,0.6
4,0.010375560980180304,0.005191019689572807,0.16891599921494088,0.15334941854518777,0.020048330009541315,0.0,0.020048330009541315,0.0,0.0,80.0,,,0.0,80.0,2750.0,2670.0,0.0,0.0,1.0,1.0,True,0.6,1.0,0.6,1.0,0,0.6,0.6
5,0.005236545732645398,0.0023536491274549973,0.007709433834024497,0.00011923897392410177,0.008872918418508624,0.0,0.008872918418508624,0.0,0.0,60.0,60.0,0.0,0.0,60.0,60.0,0.0,0.0,0.0,0.0,0.0,False,0.6,1.0,0.6,1.0,0,0.6,0.6
6,0.004047870862717795,0.0100250190228066,0.015592891069144396,0.0015200011836200011,0.005107226978667501,0.0,0.005107226978667501,0.0,0.0,170.0,220.0,50.0,0.0,170.0,220.0,50.0,0.0,0.0,0.0,0.0,False,0.6,1.0,0.6,1.0,0,0.6,0.6
7,0.0018622299830895993,0.0,0.0018622299830895993,0.0,0.014544828042177882,0.0,0.014544828042177882,0.0,0.0,0.0,0.0,0.0,0.0,0.0,0.0,0.0,0.0,0.0,0.0,0.0,False,0.6,1.0,0.6,1.0,0,0.6,0.6
8,0.0,0.0018455552017836996,0.0018455552017836996,0.0,0.0,0.0,0.0,0.0,0.0,50.0,50.0,0.0,0.0,50.0,50.0,0.0,0.0,0.0,0.0,0.0,False,0.6,1.0,0.6,1.0,0,0.6,0.6
9,0.010014533473327591,0.006148340521644799,0.2157500506259719,0.1995871766309995,0.015941368346570117,0.0,0.015941368346570117,0.0,0.0,100.0,,,0.0,100.0,2760.0,2660.0,0.0,0.0,1.0,1.0,True,0.6,1.0,0.6,1.0,0,0.6,0.6
10,0.009186019831093892,0.004943972173862096,0.0182779041887762,0.004147912183820213,0.025252716991079005,0.0,0.025252716991079005,0.0,0.0,100.0,150.0,50.0,0.0,100.0,150.0,50.0,0.0,0.0,0.0,0.0,False,0.6,1.0,0.6,1.0,0,0.6,0.6
11,0.027501456416029094,0.023864514946565094,0.7238530160368404,0.6724870446742462,0.13204726439028025,0.0,0.13204726439028025,0.0,0.0,170.0,,,0.0,170.0,2630.0,2460.0,0.0,0.0,1.0,1.0,True,0.6,1.0,0.6,1.0,0,0.6,0.6
0,0.015492037700886807,0.0034417605369334997,0.028311054954103604,0.009377256716283297,0.028706651512199755,0.0,0.028706651512199755,0.0,0.0,50.0,180.0,130.0,0.0,50.0,180.0,130.0,0.0,0.0,0.0,0.0,False,0.6,1.0,0.6,1.0,1,0.6,0.6
1,0.019099299355699997,0.0034248530752929024,0.1277089396010948,0.1051847871701019,0.09285491326718454,0.0,0.09285491326718454,0.0,0.0,110.0,,,0.0,110.0,2660.0,2550.0,0.0,0.0,1.0,1.0,True,0.6,1.0,0.6,1.0,1,0.6,0.6
2,0.010767450010149893,0.015083919684943298,0.025525453483243504,-0.0003259162118496861,0.01835741137771707,0.0,0.01835741137771707,0.0,10.0,330.0,370.0,30.0,10.0,330.0,370.0,30.0,0.0,0.0,0.0,0.0,False,0.6,1.0,0.6,1.0,1,0.6,0.6
3,0.013816198783374492,0.0021613314765325936,0.017514270741184196,0.0015367404812771102,0.023005660605522837,0.0,0.023005660605522837,0.0,0.0,40.0,70.0,30.0,0.0,40.0,70.0,30.0,0.0,0.0,0.0,0.0,False,0.6,1.0,0.6,1.0,1,0.6,0.6
4,0.0116009755326449,0.0015037107828953095,0.014302347070045407,0.0011976607545051976,0.0206660782700524,0.0,0.0206660782700524,0.0,0.0,30.0,60.0,30.0,0.0,30.0,60.0,30.0,0.0,0.0,0.0,0.0,False,0.6,1.0,0.6,1.0,1,0.6,0.6
5,0.0063394503022026,0.003760708542959401,0.06760185671350188,0.057501697868339884,0.011147662111125112,0.0,0.011147662111125112,0.0,0.0,100.0,,,0.0,100.0,3040.0,2940.0,0.0,0.0,1.0,1.0,True,0.6,1.0,0.6,1.0,1,0.6,0.6
6,0.006372846381558897,0.010443065671600693,0.08045301588413359,0.063637103830974,0.00685330748846158,0.0,0.00685330748846158,0.0,0.0,180.0,,,0.0,180.0,2580.0,2400.0,0.0,0.0,1.0,1.0,True,0.6,1.0,0.6,1.0,1,0.6,0.6
7,0.0030540986922653994,0.00029310372101270035,0.005137454686521999,0.0017902522732438989,0.02242381070347449,0.0,0.02242381070347449,0.0,0.0,10.0,40.0,30.0,0.0,10.0,40.0,30.0,0.0,0.0,0.0,0.0,False,0.6,1.0,0.6,1.0,1,0.6,0.6
8,0.003869489506474595,9.356663881694705e-06,0.0038999687844068973,2.112261405060739e-05,0.031568288071215034,0.0,0.031568288071215034,0.0,0.0,0.0,0.0,0.0,0.0,0.0,0.0,0.0,0.0,0.0,0.0,0.0,False,0.6,1.0,0.6,1.0,1,0.6,0.6
9,0.0120734971922319,0.0035994068754314906,0.016973181192537698,0.0013002771248743078,0.017040730760779166,0.0,0.017040730760779166,0.0,0.0,70.0,100.0,30.0,0.0,70.0,100.0,30.0,0.0,0.0,0.0,0.0,False,0.6,1.0,0.6,1.0,1,0.6,0.6
10,0.012213931028943997,0.0030523249688544918,0.0675043966156815,0.05223814061788301,0.026601826710138277,0.0,0.026601826710138277,0.0,0.0,100.0,,,0.0,100.0,2810.0,2710.0,0.0,0.0,1.0,1.0,True,0.6,1.0,0.6,1.0,1,0.6,0.6
11,0.021818117373457388,0.004780273473985089,0.0925598100267822,0.06596141917933972,0.10379258566640537,0.0,0.10379258566640537,0.0,0.0,80.0,,,0.0,80.0,2630.0,2550.0,0.0,0.0,1.0,1.0,True,0.6,1.0,0.6,1.0,1,0.6,0.6
0,0.005589521001902298,0.002194033755948205,0.00867143598644321,0.0008878812285927073,0.012044953086760235,0.0,0.012044953086760235,0.0,0.0,20.0,30.0,10.0,0.0,20.0,30.0,10.0,0.0,0.0,0.0,0.0,False,1.0,0.25,1.0,0.25,0,0.25,0.25
1,0.010258844035618497,0.004621253491254904,0.0162033762040084,0.001323278677134998,0.07237953558399568,0.0,0.07237953558399568,0.0,0.0,50.0,60.0,10.0,0.0,50.0,60.0,10.0,0.0,0.0,0.0,0.0,False,1.0,0.25,1.0,0.25,0,0.25,0.25
2,0.005253996044538994,0.009705565945988204,0.01652219358893589,0.0015626315984086925,0.01761995808781125,0.0,0.01761995808781125,0.0,0.0,90.0,100.0,10.0,0.0,90.0,100.0,10.0,0.0,0.0,0.0,0.0,False,1.0,0.25,1.0,0.25,0,0.25,0.25
3,0.006252308702641596,0.002126978476650901,0.009523687620450694,0.001144400441158197,0.01653971167833873,0.0,0.01653971167833873,0.0,0.0,30.0,40.0,10.0,0.0,30.0,40.0,10.0,0.0,0.0,0.0,0.0,False,1.0,0.25,1.0,0.25,0,0.25,0.25
4,0.004773202075580199,0.004714358818556502,0.0103648109336721,0.0008772500395353988,0.012043929692460376,0.0,0.012043929692460376,0.0,0.0,50.0,50.0,0.0,0.0,50.0,50.0,0.0,0.0,0.0,0.0,0.0,False,1.0,0.25,1.0,0.25,0,0.25,0.25
5,0.0031475681266196,0.0009544208131661985,0.004467456606827201,0.00036546766704140254,0.011671121565762221,0.0,0.011671121565762221,0.0,0.0,10.0,20.0,10.0,0.0,10.0,20.0,10.0,0.0,0.0,0.0,0.0,False,1.0,0.25,1.0,0.25,0,0.25,0.25
6,0.002847847893695396,0.004493633309914605,0.0081401849107971,0.0007987037071870984,0.00565575100049609,0.0,0.00565575100049609,0.0,0.0,50.0,50.0,0.0,0.0,50.0,50.0,0.0,0.0,0.0,0.0,0.0,False,1.0,0.25,1.0,0.25,0,0.25,0.25
7,0.0014214471138784997,7.932592302369729e-05,0.0015656686274666994,6.489559056450239e-05,0.010681440035073875,0.0,0.010681440035073875,0.0,0.0,0.0,10.0,10.0,0.0,0.0,10.0,10.0,0.0,0.0,0.0,0.0,False,1.0,0.25,1.0,0.25,0,0.25,0.25
8,0.0008118129173652969,0.0006503293049570993,0.0016122955847177947,0.0001501533623953985,0.005823495534386491,0.0,0.005823495534386491,0.0,0.0,10.0,20.0,10.0,0.0,10.0,20.0,10.0,0.0,0.0,0.0,0.0,False,1.0,0.25,1.0,0.25,0,0.25,0.25
9,0.004195549698638293,0.0030769235716473914,0.008709948578531898,0.0014374753082462138,0.010000512524980243,0.0,0.010000512524980243,0.0,0.0,40.0,50.0,10.0,0.0,40.0,50.0,10.0,0.0,0.0,0.0,0.0,False,1.0,0.25,1.0,0.25,0,0.25,0.25
10,0.0041878318315344,0.0058758518511628915,0.011108832949179998,0.0010451492664827061,0.011618174580128593,0.0,0.011618174580128593,0.0,0.0,60.0,70.0,10.0,0.0,60.0,70.0,10.0,0.0,0.0,0.0,0.0,False,1.0,0.25,1.0,0.25,0,0.25,0.25
11,0.010340149961318199,0.0033985535491300872,0.015813827550128196,0.0020751240396799098,0.06464132313365989,0.0,0.06464132313365989,0.0,0.0,40.0,50.0,10.0,0.0,40.0,50.0,10.0,0.0,0.0,0.0,0.0,False,1.0,0.25,1.0,0.25,0,0.25,0.25
0,0.005589521001902298,0.002194033755948205,0.00867143598644321,0.0008878812285927073,0.012044953086760235,0.0,0.012044953086760235,0.0,0.0,20.0,30.0,10.0,0.0,20.0,30.0,10.0,0.0,0.0,0.0,0.0,False,1.0,0.25,1.0,0.25,1,0.25,0.25
1,0.010258844035618497,0.004621253491254904,0.0162033762040084,0.001323278677134998,0.07237953558399568,0.0,0.07237953558399568,0.0,0.0,50.0,60.0,10.0,0.0,50.0,60.0,10.0,0.0,0.0,0.0,0.0,False,1.0,0.25,1.0,0.25,1,0.25,0.25
2,0.005253996044538994,0.009705565945988204,0.01652219358893589,0.0015626315984086925,0.01761995808781125,0.0,0.01761995808781125,0.0,0.0,90.0,100.0,10.0,0.0,90.0,100.0,10.0,0.0,0.0,0.0,0.0,False,1.0,0.25,1.0,0.25,1,0.25,0.25
3,0.006252308702641596,0.002126978476650901,0.009523687620450694,0.001144400441158197,0.01653971167833873,0.0,0.01653971167833873,0.0,0.0,30.0,40.0,10.0,0.0,30.0,40.0,10.0,0.0,0.0,0.0,0.0,False,1.0,0.25,1.0,0.25,1,0.25,0.25
4,0.004773202075580199,0.004714358818556502,0.0103648109336721,0.0008772500395353988,0.012043929692460376,0.0,0.012043929692460376,0.0,0.0,50.0,50.0,0.0,0.0,50.0,50.0,0.0,0.0,0.0,0.0,0.0,False,1.0,0.25,1.0,0.25,1,0.25,0.25
5,0.0031475681266196,0.0009544208131661985,0.004467456606827201,0.00036546766704140254,0.011671121565762221,0.0,0.011671121565762221,0.0,0.0,10.0,20.0,10.0,0.0,10.0,20.0,10.0,0.0,0.0,0.0,0.0,False,1.0,0.25,1.0,0.25,1,0.25,0.25
6,0.002847847893695396,0.004493633309914605,0.0081401849107971,0.0007987037071870984,0.00565575100049609,0.0,0.00565575100049609,0.0,0.0,50.0,50.0,0.0,0.0,50.0,50.0,0.0,0.0,0.0,0.0,0.0,False,1.0,0.25,1.0,0.25,1,0.25,0.25
7,0.0014214471138784997,7.932592302369729e-05,0.0015656686274666994,6.489559056450239e-05,0.010681440035073875,0.0,0.010681440035073875,0.0,0.0,0.0,10.0,10.0,0.0,0.0,10.0,10.0,0.0,0.0,0.0,0.0,False,1.0,0.25,1.0,0.25,1,0.25,0.25
8,0.0008118129173652969,0.0006503293049570993,0.0016122955847177947,0.0001501533623953985,0.005823495534386491,0.0,0.005823495534386491,0.0,0.0,10.0,20.0,10.0,0.0,10.0,20.0,10.0,0.0,0.0,0.0,0.0,False,1.0,0.25,1.0,0.25,1,0.25,0.25
9,0.004195549698638293,0.0030769235716473914,0.008709948578531898,0.0014374753082462138,0.010000512524980243,0.0,0.010000512524980243,0.0,0.0,40.0,50.0,10.0,0.0,40.0,50.0,10.0,0.0,0.0,0.0,0.0,False,1.0,0.25,1.0,0.25,1,0.25,0.25
10,0.0041878318315344,0.0058758518511628915,0.011108832949179998,0.0010451492664827061,0.011618174580128593,0.0,0.011618174580128593,0.0,0.0,60.0,70.0,10.0,0.0,60.0,70.0,10.0,0.0,0.0,0.0,0.0,False,1.0,0.25,1.0,0.25,1,0.25,0.25
11,0.010340149961318199,0.0033985535491300872,0.015813827550128196,0.0020751240396799098,0.06464132313365989,0.0,0.06464132313365989,0.0,0.0,40.0,50.0,10.0,0.0,40.0,50.0,10.0,0.0,0.0,0.0,0.0,False,1.0,0.25,1.0,0.25,1,0.25,0.25
0,0.012733868536008705,0.007677724329082106,0.02920739397004571,0.008795801104954898,0.02631745028734578,0.0,0.02631745028734578,0.0,0.0,90.0,180.0,90.0,0.0,90.0,180.0,90.0,0.0,0.0,0.0,0.0,False,1.0,0.6,1.0,0.6,0,0.6,0.6
1,0.020325590145311004,0.019708676440061093,0.051247812245460586,0.01121354566008849,0.12010111623005792,0.0,0.12010111623005792,0.0,0.0,220.0,310.0,90.0,0.0,220.0,310.0,90.0,0.0,0.0,0.0,0.0,False,1.0,0.6,1.0,0.6,0,0.6,0.6
2,0.012424344990476316,0.041607981846621594,0.06508804332890941,0.011055716491811501,0.039846134600374006,0.0,0.039846134600374006,0.0,0.0,350.0,430.0,80.0,0.0,350.0,430.0,80.0,0.0,0.0,0.0,0.0,False,1.0,0.6,1.0,0.6,0,0.6,0.6
3,0.014333090142757299,0.008795021882433293,0.0316279195739142,0.008499807548723606,0.033093309873418686,0.0,0.033093309873418686,0.0,0.0,120.0,190.0,70.0,0.0,120.0,190.0,70.0,0.0,0.0,0.0,0.0,False,1.0,0.6,1.0,0.6,0,0.6,0.6
4,0.011092627260791701,0.01966622291423681,0.0391822294050527,0.008423379230024189,0.024401046820242023,0.0,0.024401046820242023,0.0,0.0,200.0,270.0,70.0,0.0,200.0,270.0,70.0,0.0,0.0,0.0,0.0,False,1.0,0.6,1.0,0.6,0,0.6,0.6
5,0.0073280437904130954,0.004419582441483598,0.014723154073928803,0.0029755278420321093,0.02642538504841191,0.0,0.02642538504841191,0.0,0.0,70.0,100.0,30.0,0.0,70.0,100.0,30.0,0.0,0.0,0.0,0.0,False,1.0,0.6,1.0,0.6,0,0.6,0.6
6,0.0066299668423032004,0.019065134276599796,0.03127046488804561,0.0055753637691426106,0.010610156101619195,0.0,0.010610156101619195,0.0,0.0,190.0,240.0,50.0,0.0,190.0,240.0,50.0,0.0,0.0,0.0,0.0,False,1.0,0.6,1.0,0.6,0,0.6,0.6
7,0.0031504993993382996,0.00031633517651079995,0.004477050772379698,0.0010102161965305986,0.022816745348311074,0.0,0.022816745348311074,0.0,0.0,10.0,30.0,20.0,0.0,10.0,30.0,20.0,0.0,0.0,0.0,0.0,False,1.0,0.6,1.0,0.6,0,0.6,0.6
8,0.002119076850369994,0.0021221690066485985,0.005605769025469498,0.0013645231684509054,0.014837065025292417,0.0,0.014837065025292417,0.0,0.0,50.0,70.0,20.0,0.0,50.0,70.0,20.0,0.0,0.0,0.0,0.0,False,1.0,0.6,1.0,0.6,0,0.6,0.6
9,0.009958417317666793,0.012727732408470097,0.0324668003139805,0.009780650587843609,0.018533695970254893,0.0,0.018533695970254893,0.0,0.0,150.0,240.0,90.0,0.0,150.0,240.0,90.0,0.0,0.0,0.0,0.0,False,1.0,0.6,1.0,0.6,0,0.6,0.6
10,0.009545595815741797,0.020781122742715,0.04209127404123909,0.011764555482782296,0.023821779631981788,0.0,0.023821779631981788,0.0,0.0,240.0,350.0,110.0,0.0,240.0,350.0,110.0,0.0,0.0,0.0,0.0,False,1.0,0.6,1.0,0.6,0,0.6,0.6
11,0.02288831770322379,0.011819285092770887,0.056541060536023494,0.021833457740028817,0.12227900776719658,0.0,0.12227900776719658,0.0,0.0,130.0,310.0,180.0,0.0,130.0,310.0,180.0,0.0,0.0,0.0,0.0,False,1.0,0.6,1.0,0.6,0,0.6,0.6
0,0.012733868536008705,0.007677724329082106,0.02920739397004571,0.008795801104954898,0.02631745028734578,0.0,0.02631745028734578,0.0,0.0,90.0,180.0,90.0,0.0,90.0,180.0,90.0,0.0,0.0,0.0,0.0,False,1.0,0.6,1.0,0.6,1,0.6,0.6
1,0.020325590145311004,0.019708676440061093,0.051247812245460586,0.01121354566008849,0.12010111623005792,0.0,0.12010111623005792,0.0,0.0,220.0,310.0,90.0,0.0,220.0,310.0,90.0,0.0,0.0,0.0,0.0,False,1.0,0.6,1.0,0.6,1,0.6,0.6
2,0.012424344990476316,0.041607981846621594,0.06508804332890941,0.011055716491811501,0.039846134600374006,0.0,0.039846134600374006,0.0,0.0,350.0,430.0,80.0,0.0,350.0,430.0,80.0,0.0,0.0,0.0,0.0,False,1.0,0.6,1.0,0.6,1,0.6,0.6
3,0.014333090142757299,0.008795021882433293,0.0316279195739142,0.008499807548723606,0.033093309873418686,0.0,0.033093309873418686,0.0,0.0,120.0,190.0,70.0,0.0,120.0,190.0,70.0,0.0,0.0,0.0,0.0,False,1.0,0.6,1.0,0.6,1,0.6,0.6
4,0.011092627260791701,0.01966622291423681,0.0391822294050527,0.008423379230024189,0.024401046820242023,0.0,0.024401046820242023,0.0,0.0,200.0,270.0,70.0,0.0,200.0,270.0,70.0,0.0,0.0,0.0,0.0,False,1.0,0.6,1.0,0.6,1,0.6,0.6
5,0.0073280437904130954,0.004419582441483598,0.014723154073928803,0.0029755278420321093,0.02642538504841191,0.0,0.02642538504841191,0.0,0.0,70.0,100.0,30.0,0.0,70.0,100.0,30.0,0.0,0.0,0.0,0.0,False,1.0,0.6,1.0,0.6,1,0.6,0.6
6,0.0066299668423032004,0.019065134276599796,0.03127046488804561,0.0055753637691426106,0.010610156101619195,0.0,0.010610156101619195,0.0,0.0,190.0,240.0,50.0,0.0,190.0,240.0,50.0,0.0,0.0,0.0,0.0,False,1.0,0.6,1.0,0.6,1,0.6,0.6
7,0.0031504993993382996,0.00031633517651079995,0.004477050772379698,0.0010102161965305986,0.022816745348311074,0.0,0.022816745348311074,0.0,0.0,10.0,30.0,20.0,0.0,10.0,30.0,20.0,0.0,0.0,0.0,0.0,False,1.0,0.6,1.0,0.6,1,0.6,0.6
8,0.002119076850369994,0.0021221690066485985,0.005605769025469498,0.0013645231684509054,0.014837065025292417,0.0,0.014837065025292417,0.0,0.0,50.0,70.0,20.0,0.0,50.0,70.0,20.0,0.0,0.0,0.0,0.0,False,1.0,0.6,1.0,0.6,1,0.6,0.6
9,0.009958417317666793,0.012727732408470097,0.0324668003139805,0.009780650587843609,0.018533695970254893,0.0,0.018533695970254893,0.0,0.0,150.0,240.0,90.0,0.0,150.0,240.0,90.0,0.0,0.0,0.0,0.0,False,1.0,0.6,1.0,0.6,1,0.6,0.6
10,0.009545595815741797,0.020781122742715,0.04209127404123909,0.011764555482782296,0.023821779631981788,0.0,0.023821779631981788,0.0,0.0,240.0,350.0,110.0,0.0,240.0,350.0,110.0,0.0,0.0,0.0,0.0,False,1.0,0.6,1.0,0.6,1,0.6,0.6
11,0.02288831770322379,0.011819285092770887,0.056541060536023494,0.021833457740028817,0.12227900776719658,0.0,0.12227900776719658,0.0,0.0,130.0,310.0,180.0,0.0,130.0,310.0,180.0,0.0,0.0,0.0,0.0,False,1.0,0.6,1.0,0.6,1,0.6,0.6
0,0.019990468423913,0.012572358441363507,0.3046124181427,0.2720495912774235,0.03756250942883699,0.0,0.03756250942883699,0.0,0.0,190.0,,,0.0,190.0,2640.0,2450.0,0.0,0.0,1.0,1.0,True,1.0,1.0,1.0,1.0,0,1.0,1.0
1,0.028032167595771887,0.03374495576681659,0.6851889313550427,0.6234118079924542,0.13323885110958478,0.0,0.13323885110958478,0.0,0.0,310.0,,,0.0,310.0,2660.0,2350.0,0.0,0.0,1.0,1.0,True,1.0,1.0,1.0,1.0,0,1.0,1.0
2,0.018750912170191314,0.05654767863675561,0.5852327695265587,0.5099341787196118,0.046726235859525955,0.0,0.046726235859525955,0.0,10.0,470.0,,,10.0,470.0,2380.0,1900.0,0.0,0.0,1.0,1.0,True,1.0,1.0,1.0,1.0,0,1.0,1.0
3,0.022203489200408794,0.01022946527937639,0.32337929125820475,0.2909463367784195,0.0441997363654964,0.0,0.0441997363654964,0.0,0.0,190.0,,,0.0,190.0,2670.0,2480.0,0.0,0.0,1.0,1.0,True,1.0,1.0,1.0,1.0,0,1.0,1.0
4,0.01776072173515901,0.014276214770927498,0.3430362574408794,0.3109993209347929,0.03616319259175138,0.0,0.03616319259175138,0.0,0.0,240.0,,,0.0,240.0,2750.0,2510.0,0.0,0.0,1.0,1.0,True,1.0,1.0,1.0,1.0,0,1.0,1.0
5,0.011971693483798694,0.004200136257975301,0.20053132809894697,0.18435949835717297,0.0414882601191226,0.0,0.0414882601191226,0.0,0.0,110.0,,,0.0,110.0,3040.0,2930.0,0.0,0.0,1.0,1.0,True,1.0,1.0,1.0,1.0,0,1.0,1.0
6,0.010670809497299497,0.015824355823513492,0.2116675226973305,0.1851723573765175,0.013763215434744014,0.0,0.013763215434744014,0.0,0.0,240.0,,,0.0,240.0,2580.0,2340.0,0.0,0.0,1.0,1.0,True,1.0,1.0,1.0,1.0,0,1.0,1.0
7,0.005094691895251198,0.0008816526904443997,0.11075321086449971,0.10477686627880411,0.033482489278888694,0.0,0.033482489278888694,0.0,10.0,20.0,,,10.0,20.0,3310.0,3280.0,0.0,0.0,1.0,1.0,True,1.0,1.0,1.0,1.0,0,1.0,1.0
8,0.003869489506474595,0.004228557604040797,0.10218742051812488,0.09408937340760949,0.031568288071215034,0.0,0.031568288071215034,0.0,0.0,100.0,,,0.0,100.0,3160.0,3060.0,0.0,0.0,1.0,1.0,True,1.0,1.0,1.0,1.0,0,1.0,1.0
9,0.0156170505252049,0.010426337682472697,0.3324523749212886,0.306408986713611,0.028001092820807427,0.0,0.028001092820807427,0.0,0.0,190.0,,,0.0,190.0,2760.0,2570.0,0.0,0.0,1.0,1.0,True,1.0,1.0,1.0,1.0,0,1.0,1.0
10,0.014446260300585295,0.017647159148334396,0.3109498736098415,0.27885645416092186,0.03335748722988241,0.0,0.03335748722988241,0.0,0.0,310.0,,,0.0,310.0,2810.0,2500.0,0.0,0.0,1.0,1.0,True,1.0,1.0,1.0,1.0,0,1.0,1.0
11,0.0330103868736132,0.029490756463417103,0.7589795570297988,0.6964784136927684,0.13516605459320563,0.0,0.13516605459320563,0.0,0.0,270.0,,,0.0,270.0,2630.0,2360.0,0.0,0.0,1.0,1.0,True,1.0,1.0,1.0,1.0,0,1.0,1.0
0,0.019990468423913,0.012572358441363507,0.3046124181427,0.2720495912774235,0.03756250942883699,0.0,0.03756250942883699,0.0,0.0,190.0,,,0.0,190.0,2640.0,2450.0,0.0,0.0,1.0,1.0,True,1.0,1.0,1.0,1.0,1,1.0,1.0
1,0.028032167595771887,0.03374495576681659,0.6851889313550427,0.6234118079924542,0.13323885110958478,0.0,0.13323885110958478,0.0,0.0,310.0,,,0.0,310.0,2660.0,2350.0,0.0,0.0,1.0,1.0,True,1.0,1.0,1.0,1.0,1,1.0,1.0
2,0.018750912170191314,0.05654767863675561,0.5852327695265587,0.5099341787196118,0.046726235859525955,0.0,0.046726235859525955,0.0,10.0,470.0,,,10.0,470.0,2380.0,1900.0,0.0,0.0,1.0,1.0,True,1.0,1.0,1.0,1.0,1,1.0,1.0
3,0.022203489200408794,0.01022946527937639,0.32337929125820475,0.2909463367784195,0.0441997363654964,0.0,0.0441997363654964,0.0,0.0,190.0,,,0.0,190.0,2670.0,2480.0,0.0,0.0,1.0,1.0,True,1.0,1.0,1.0,1.0,1,1.0,1.0
4,0.01776072173515901,0.014276214770927498,0.3430362574408794,0.3109993209347929,0.03616319259175138,0.0,0.03616319259175138,0.0,0.0,240.0,,,0.0,240.0,2750.0,2510.0,0.0,0.0,1.0,1.0,True,1.0,1.0,1.0,1.0,1,1.0,1.0
5,0.011971693483798694,0.004200136257975301,0.20053132809894697,0.18435949835717297,0.0414882601191226,0.0,0.0414882601191226,0.0,0.0,110.0,,,0.0,110.0,3040.0,2930.0,0.0,0.0,1.0,1.0,True,1.0,1.0,1.0,1.0,1,1.0,1.0
6,0.010670809497299497,0.015824355823513492,0.2116675226973305,0.1851723573765175,0.013763215434744014,0.0,0.013763215434744014,0.0,0.0,240.0,,,0.0,240.0,2580.0,2340.0,0.0,0.0,1.0,1.0,True,1.0,1.0,1.0,1.0,1,1.0,1.0
7,0.005094691895251198,0.0008816526904443997,0.11075321086449971,0.10477686627880411,0.033482489278888694,0.0,0.033482489278888694,0.0,10.0,20.0,,,10.0,20.0,3310.0,3280.0,0.0,0.0,1.0,1.0,True,1.0,1.0,1.0,1.0,1,1.0,1.0
8,0.003869489506474595,0.004228557604040797,0.10218742051812488,0.09408937340760949,0.031568288071215034,0.0,0.031568288071215034,0.0,0.0,100.0,,,0.0,100.0,3160.0,3060.0,0.0,0.0,1.0,1.0,True,1.0,1.0,1.0,1.0,1,1.0,1.0
9,0.0156170505252049,0.010426337682472697,0.3324523749212886,0.306408986713611,0.028001092820807427,0.0,0.028001092820807427,0.0,0.0,190.0,,,0.0,190.0,2760.0,2570.0,0.0,0.0,1.0,1.0,True,1.0,1.0,1.0,1.0,1,1.0,1.0
10,0.014446260300585295,0.017647159148334396,0.3109498736098415,0.27885645416092186,0.03335748722988241,0.0,0.03335748722988241,0.0,0.0,310.0,,,0.0,310.0,2810.0,2500.0,0.0,0.0,1.0,1.0,True,1.0,1.0,1.0,1.0,1,1.0,1.0
11,0.0330103868736132,0.029490756463417103,0.7589795570297988,0.6964784136927684,0.13516605459320563,0.0,0.13516605459320563,0.0,0.0,270.0,,,0.0,270.0,2630.0,2360.0,0.0,0.0,1.0,1.0,True,1.0,1.0,1.0,1.0,1,1.0,1.0
