R,loss,Lambda,F_min,t_min,T_rec,T_rec_censored,T_rec_bound,lock_in,F_end,arm,indicator,replication,seed_hazard,q_prop,kappa_prop,q_rec,kappa_rec,psi_prop,psi_rec,frac_damaged
0.9353926388888889,0.0646073611111111,0.4325000000000001,0.5674999999999999,44.0,213.0,False,876.0,0.0,1.0,00,operational,0,0,0.6,0.8,0.6,0.8,0.48,0.48,0.725
0.9207120606481481,0.07928793935185185,0.49450000000000016,0.5054999999999998,53.0,213.0,False,876.0,0.0,1.0,10,operational,0,0,0.6,0.8,0.6,0.8,0.48,0.48,0.725
0.928544578471444,0.071455421528556,0.4325000000000001,0.5674999999999999,44.0,231.0,False,876.0,0.0,1.0,01,operational,0,0,0.6,0.8,0.6,0.8,0.48,0.48,0.725
0.8152234404965109,0.18477655950348915,0.49450000000000016,0.5054999999999998,53.0,,True,876.0,1.0,0.8650000000000002,11,operational,0,0,0.6,0.8,0.6,0.8,0.48,0.48,0.725
0.9191608333333334,0.08083916666666657,0.5199999999999999,0.4800000000000001,44.0,230.0,False,876.0,0.0,1.0,00,operational,1,1,0.6,0.8,0.6,0.8,0.48,0.48,0.775
0.9077067186111112,0.09229328138888881,0.5726,0.4274,53.0,230.0,False,876.0,0.0,1.0,10,operational,1,1,0.6,0.8,0.6,0.8,0.48,0.48,0.775
0.9121303381437389,0.0878696618562611,0.5199999999999999,0.4800000000000001,44.0,247.0,False,876.0,0.0,1.0,01,operational,1,1,0.6,0.8,0.6,0.8,0.48,0.48,0.775
0.8378688624302746,0.16213113756972541,0.5726,0.4274,53.0,,True,876.0,1.0,0.9100000000000001,11,operational,1,1,0.6,0.8,0.6,0.8,0.48,0.48,0.775
0.9379070833333334,0.06209291666666661,0.4625,0.5375,44.0,196.0,False,876.0,0.0,1.0,00,operational,2,2,0.6,0.8,0.6,0.8,0.48,0.48,0.775
0.9280329138888889,0.07196708611111113,0.5185,0.48150000000000004,54.0,196.0,False,876.0,0.0,1.0,10,operational,2,2,0.6,0.8,0.6,0.8,0.48,0.48,0.775
0.9337354234567901,0.06626457654320994,0.4625,0.5375,44.0,207.0,False,876.0,0.0,1.0,01,operational,2,2,0.6,0.8,0.6,0.8,0.48,0.48,0.775
0.8549400334236764,0.14505996657632358,0.5185,0.48150000000000004,54.0,,True,876.0,1.0,0.9100000000000001,11,operational,2,2,0.6,0.8,0.6,0.8,0.48,0.48,0.775
0.9565138888888889,0.043486111111111114,0.3975000000000001,0.6024999999999999,44.0,159.0,False,876.0,0.0,1.0,00,operational,3,3,0.6,0.8,0.6,0.8,0.48,0.48,0.675
0.9466931333333334,0.05330686666666662,0.46929999999999994,0.5307000000000001,54.0,160.0,False,876.0,0.0,1.0,10,operational,3,3,0.6,0.8,0.6,0.8,0.48,0.48,0.675
0.954703220925926,0.045296779074074034,0.3975000000000001,0.6024999999999999,44.0,165.0,False,876.0,0.0,1.0,01,operational,3,3,0.6,0.8,0.6,0.8,0.48,0.48,0.675
0.8688594858841413,0.1311405141158587,0.46929999999999994,0.5307000000000001,54.0,,True,876.0,1.0,0.9099999999999999,11,operational,3,3,0.6,0.8,0.6,0.8,0.48,0.48,0.675
0.9295133333333332,0.07048666666666681,0.48749999999999993,0.5125000000000001,44.0,213.0,False,876.0,0.0,1.0,00,operational,4,4,0.6,0.8,0.6,0.8,0.48,0.48,0.7
0.9165839983333333,0.08341600166666674,0.5699000000000001,0.4300999999999999,55.0,213.0,False,876.0,0.0,1.0,10,operational,4,4,0.6,0.8,0.6,0.8,0.48,0.48,0.7
0.9183740835449736,0.08162591645502637,0.48749999999999993,0.5125000000000001,44.0,239.0,False,876.0,0.0,1.0,01,operational,4,4,0.6,0.8,0.6,0.8,0.48,0.48,0.7
0.8106795669217812,0.18932043307821877,0.5699000000000001,0.4300999999999999,55.0,,True,876.0,1.0,0.865,11,operational,4,4,0.6,0.8,0.6,0.8,0.48,0.48,0.7
0.9633745833333333,0.036625416666666744,0.3500000000000001,0.6499999999999999,44.0,147.0,False,876.0,0.0,1.0,00,operational,5,5,0.6,0.8,0.6,0.8,0.48,0.48,0.675
0.956177424228395,0.04382257577160498,0.39759999999999995,0.6024,55.0,147.0,False,876.0,0.0,1.0,10,operational,5,5,0.6,0.8,0.6,0.8,0.48,0.48,0.675
0.9618633471272954,0.038136652872704624,0.3500000000000001,0.6499999999999999,44.0,153.0,False,876.0,0.0,1.0,01,operational,5,5,0.6,0.8,0.6,0.8,0.48,0.48,0.675
0.9160773631531492,0.08392263684685075,0.39759999999999995,0.6024,55.0,,True,876.0,1.0,0.9550000000000001,11,operational,5,5,0.6,0.8,0.6,0.8,0.48,0.48,0.675
0.8655709722222222,0.13442902777777777,0.645,0.3549999999999999,44.0,314.0,False,876.0,0.0,1.0,00,operational,6,6,0.6,0.8,0.6,0.8,0.48,0.48,0.925
0.8478462092592591,0.15215379074074087,0.741,0.259,46.0,314.0,False,876.0,0.0,1.0,10,operational,6,6,0.6,0.8,0.6,0.8,0.48,0.48,0.925
0.8395175277544351,0.1604824722455649,0.645,0.3549999999999999,44.0,364.0,False,876.0,0.0,1.0,01,operational,6,6,0.6,0.8,0.6,0.8,0.48,0.48,0.925
0.6558326634195568,0.3441673365804432,0.741,0.259,46.0,,True,876.0,1.0,0.7299999999999999,11,operational,6,6,0.6,0.8,0.6,0.8,0.48,0.48,0.925
0.9683646527777777,0.031635347222222276,0.3125,0.6875,42.0,138.0,False,876.0,0.0,1.0,00,operational,7,7,0.6,0.8,0.6,0.8,0.48,0.48,0.6
0.961136522654321,0.038863477345678965,0.3903000000000001,0.6096999999999999,51.0,138.0,False,876.0,0.0,1.0,10,operational,7,7,0.6,0.8,0.6,0.8,0.48,0.48,0.6
0.9672769490564375,0.03272305094356254,0.3125,0.6875,42.0,143.0,False,876.0,0.0,1.0,01,operational,7,7,0.6,0.8,0.6,0.8,0.48,0.48,0.6
0.9214260796156272,0.07857392038437283,0.3903000000000001,0.6096999999999999,51.0,,True,876.0,1.0,0.9550000000000001,11,operational,7,7,0.6,0.8,0.6,0.8,0.48,0.48,0.6
0.9515415277777778,0.048458472222222215,0.42000000000000004,0.58,44.0,169.0,False,876.0,0.0,1.0,00,operational,8,8,0.6,0.8,0.6,0.8,0.48,0.48,0.625
0.945305621111111,0.05469437888888895,0.4606,0.5394,53.0,169.0,False,876.0,0.0,1.0,10,operational,8,8,0.6,0.8,0.6,0.8,0.48,0.48,0.625
0.9474659285714285,0.05253407142857147,0.42000000000000004,0.58,44.0,181.0,False,876.0,0.0,1.0,01,operational,8,8,0.6,0.8,0.6,0.8,0.48,0.48,0.625
0.9382288648505775,0.06177113514942245,0.4606,0.5394,53.0,191.0,False,876.0,0.0,1.0,11,operational,8,8,0.6,0.8,0.6,0.8,0.48,0.48,0.625
0.9205475,0.07945250000000004,0.4950000000000001,0.5049999999999999,44.0,233.0,False,876.0,0.0,1.0,00,operational,9,9,0.6,0.8,0.6,0.8,0.48,0.48,0.825
0.9080128183333332,0.09198718166666675,0.5546,0.44539999999999996,55.0,233.0,False,876.0,0.0,1.0,10,operational,9,9,0.6,0.8,0.6,0.8,0.48,0.48,0.825
0.9011828767382456,0.0988171232617544,0.4950000000000001,0.5049999999999999,44.0,277.0,False,876.0,0.0,1.0,01,operational,9,9,0.6,0.8,0.6,0.8,0.48,0.48,0.825
0.7688571644718023,0.2311428355281977,0.5546,0.44539999999999996,55.0,,True,876.0,1.0,0.82,11,operational,9,9,0.6,0.8,0.6,0.8,0.48,0.48,0.825
0.9726275,0.027372500000000022,0.29500000000000015,0.7049999999999998,44.0,127.0,False,876.0,0.0,1.0,00,operational,10,10,0.6,0.8,0.6,0.8,0.48,0.48,0.65
0.9668567266666667,0.033143273333333334,0.3286000000000001,0.6713999999999999,54.0,127.0,False,876.0,0.0,1.0,10,operational,10,10,0.6,0.8,0.6,0.8,0.48,0.48,0.65
0.9678831423280423,0.03211685767195771,0.29500000000000015,0.7049999999999998,44.0,145.0,False,876.0,0.0,1.0,01,operational,10,10,0.6,0.8,0.6,0.8,0.48,0.48,0.65
0.9276859602108589,0.07231403978914108,0.3286000000000001,0.6713999999999999,54.0,,True,876.0,1.0,0.9550000000000001,11,operational,10,10,0.6,0.8,0.6,0.8,0.48,0.48,0.65
0.8271726388888889,0.17282736111111108,0.7174999999999999,0.2825000000000001,44.0,370.0,False,876.0,0.0,1.0,00,operational,11,11,0.6,0.8,0.6,0.8,0.48,0.48,0.875
0.8129295273148149,0.18707047268518506,0.7533,0.2467,50.0,371.0,False,876.0,0.0,1.0,10,operational,11,11,0.6,0.8,0.6,0.8,0.48,0.48,0.875
0.7733448134239808,0.22665518657601924,0.7174999999999999,0.2825000000000001,44.0,465.0,False,876.0,0.0,1.0,01,operational,11,11,0.6,0.8,0.6,0.8,0.48,0.48,0.875
0.6583391901776945,0.3416608098223055,0.7533,0.2467,50.0,,True,876.0,1.0,0.7749999999999999,11,operational,11,11,0.6,0.8,0.6,0.8,0.48,0.48,0.875
0.9214294444444444,0.07857055555555559,0.5425,0.4575,44.0,219.0,False,876.0,0.0,1.0,00,operational,12,12,0.6,0.8,0.6,0.8,0.48,0.48,0.75
0.9079549907407407,0.09204500925925929,0.6231000000000001,0.3768999999999999,54.0,220.0,False,876.0,0.0,1.0,10,operational,12,12,0.6,0.8,0.6,0.8,0.48,0.48,0.75
0.9159296755757858,0.08407032442421425,0.5425,0.4575,44.0,233.0,False,876.0,0.0,1.0,01,operational,12,12,0.6,0.8,0.6,0.8,0.48,0.48,0.75
0.8974309015410878,0.10256909845891216,0.6231000000000001,0.3768999999999999,54.0,245.0,False,876.0,0.0,1.0,11,operational,12,12,0.6,0.8,0.6,0.8,0.48,0.48,0.75
0.8690199999999999,0.1309800000000001,0.6625000000000001,0.33749999999999997,44.0,301.0,False,876.0,0.0,1.0,00,operational,13,13,0.6,0.8,0.6,0.8,0.48,0.48,0.875
0.8456984092592592,0.1543015907407408,0.7385,0.26149999999999995,54.0,301.0,False,876.0,0.0,1.0,10,operational,13,13,0.6,0.8,0.6,0.8,0.48,0.48,0.875
0.8432127732622678,0.15678722673773215,0.6625000000000001,0.33749999999999997,44.0,349.0,False,876.0,0.0,1.0,01,operational,13,13,0.6,0.8,0.6,0.8,0.48,0.48,0.875
0.7247913174083563,0.27520868259164366,0.7385,0.26149999999999995,54.0,,True,876.0,1.0,0.8649999999999999,11,operational,13,13,0.6,0.8,0.6,0.8,0.48,0.48,0.875
0.9186868055555556,0.0813131944444444,0.5050000000000001,0.49499999999999983,44.0,236.0,False,876.0,0.0,1.0,00,operational,14,14,0.6,0.8,0.6,0.8,0.48,0.48,0.725
0.9031555159722222,0.09684448402777779,0.5968000000000001,0.4031999999999999,53.0,236.0,False,876.0,0.0,1.0,10,operational,14,14,0.6,0.8,0.6,0.8,0.48,0.48,0.725
0.9111457505640213,0.08885424943597875,0.5050000000000001,0.49499999999999983,44.0,256.0,False,876.0,0.0,1.0,01,operational,14,14,0.6,0.8,0.6,0.8,0.48,0.48,0.725
0.7974876826321977,0.20251231736780229,0.5968000000000001,0.4031999999999999,53.0,,True,876.0,1.0,0.8649999999999999,11,operational,14,14,0.6,0.8,0.6,0.8,0.48,0.48,0.725
0.91812,0.08187999999999995,0.5325,0.4675000000000001,44.0,229.0,False,876.0,0.0,1.0,00,operational,15,15,0.6,0.8,0.6,0.8,0.48,0.48,0.825
0.9096641616666666,0.09033583833333336,0.5525,0.44750000000000006,55.0,229.0,False,876.0,0.0,1.0,10,operational,15,15,0.6,0.8,0.6,0.8,0.48,0.48,0.825
0.9092118867712856,0.09078811322871438,0.5325,0.4675000000000001,44.0,251.0,False,876.0,0.0,1.0,01,operational,15,15,0.6,0.8,0.6,0.8,0.48,0.48,0.825
0.8357995588855897,0.16420044111441034,0.5525,0.44750000000000006,55.0,,True,876.0,1.0,0.9099999999999999,11,operational,15,15,0.6,0.8,0.6,0.8,0.48,0.48,0.825
0.8870542361111111,0.11294576388888888,0.63,0.37,44.0,272.0,False,876.0,0.0,1.0,00,operational,16,16,0.6,0.8,0.6,0.8,0.48,0.48,0.9
0.8693858911111112,0.1306141088888888,0.7124,0.28759999999999997,55.0,272.0,False,876.0,0.0,1.0,10,operational,16,16,0.6,0.8,0.6,0.8,0.48,0.48,0.9
0.8718635957387487,0.12813640426125128,0.63,0.37,44.0,301.0,False,876.0,0.0,1.0,01,operational,16,16,0.6,0.8,0.6,0.8,0.48,0.48,0.9
0.7672011522014043,0.23279884779859572,0.7124,0.28759999999999997,55.0,,True,876.0,1.0,0.8649999999999999,11,operational,16,16,0.6,0.8,0.6,0.8,0.48,0.48,0.9
0.931191875,0.068808125,0.4850000000000001,0.5149999999999999,44.0,210.0,False,876.0,0.0,1.0,00,operational,17,17,0.6,0.8,0.6,0.8,0.48,0.48,0.75
0.9174939924074074,0.08250600759259263,0.5628000000000001,0.4371999999999999,54.0,210.0,False,876.0,0.0,1.0,10,operational,17,17,0.6,0.8,0.6,0.8,0.48,0.48,0.75
0.9221431192079053,0.07785688079209474,0.4850000000000001,0.5149999999999999,44.0,234.0,False,876.0,0.0,1.0,01,operational,17,17,0.6,0.8,0.6,0.8,0.48,0.48,0.75
0.769713697983595,0.230286302016405,0.5628000000000001,0.4371999999999999,54.0,,True,876.0,1.0,0.82,11,operational,17,17,0.6,0.8,0.6,0.8,0.48,0.48,0.75
0.8727599999999999,0.12724000000000013,0.64,0.36,44.0,299.0,False,876.0,0.0,1.0,00,operational,18,18,0.6,0.8,0.6,0.8,0.48,0.48,0.9
0.8522531870679012,0.1477468129320988,0.71,0.29,51.0,299.0,False,876.0,0.0,1.0,10,operational,18,18,0.6,0.8,0.6,0.8,0.48,0.48,0.9
0.8543163440026559,0.14568365599734412,0.64,0.36,44.0,337.0,False,876.0,0.0,1.0,01,operational,18,18,0.6,0.8,0.6,0.8,0.48,0.48,0.9
0.7580770493956268,0.2419229506043732,0.71,0.29,51.0,,True,876.0,1.0,0.8650000000000002,11,operational,18,18,0.6,0.8,0.6,0.8,0.48,0.48,0.9
0.9050534722222221,0.0949465277777779,0.5600000000000002,0.43999999999999984,44.0,252.0,False,876.0,0.0,1.0,00,operational,19,19,0.6,0.8,0.6,0.8,0.48,0.48,0.825
0.8827476123456789,0.11725238765432111,0.7040000000000001,0.29599999999999993,55.0,252.0,False,876.0,0.0,1.0,10,operational,19,19,0.6,0.8,0.6,0.8,0.48,0.48,0.825
0.8944262459530864,0.1055737540469136,0.5600000000000002,0.43999999999999984,44.0,276.0,False,876.0,0.0,1.0,01,operational,19,19,0.6,0.8,0.6,0.8,0.48,0.48,0.825
0.746172407969546,0.253827592030454,0.7040000000000001,0.29599999999999993,55.0,,True,876.0,1.0,0.82,11,operational,19,19,0.6,0.8,0.6,0.8,0.48,0.48,0.825
0.9255259027777778,0.0744740972222222,0.49,0.51,44.0,224.0,False,876.0,0.0,1.0,00,operational,20,20,0.6,0.8,0.6,0.8,0.48,0.48,0.7
0.9113876132098766,0.0886123867901234,0.5682,0.43179999999999996,55.0,224.0,False,876.0,0.0,1.0,10,operational,20,20,0.6,0.8,0.6,0.8,0.48,0.48,0.7
0.9133778788356546,0.08662212116434542,0.49,0.51,44.0,253.0,False,876.0,0.0,1.0,01,operational,20,20,0.6,0.8,0.6,0.8,0.48,0.48,0.7
0.8418375781183275,0.1581624218816725,0.5682,0.43179999999999996,55.0,,True,876.0,1.0,0.9100000000000001,11,operational,20,20,0.6,0.8,0.6,0.8,0.48,0.48,0.7
0.8843590277777779,0.11564097222222214,0.6175,0.38249999999999995,44.0,282.0,False,876.0,0.0,1.0,00,operational,21,21,0.6,0.8,0.6,0.8,0.48,0.48,0.875
0.8664603166666666,0.13353968333333344,0.7031000000000001,0.2968999999999999,50.0,283.0,False,876.0,0.0,1.0,10,operational,21,21,0.6,0.8,0.6,0.8,0.48,0.48,0.875
0.8623337390432099,0.13766626095679013,0.6175,0.38249999999999995,44.0,324.0,False,876.0,0.0,1.0,01,operational,21,21,0.6,0.8,0.6,0.8,0.48,0.48,0.875
0.7277596684671022,0.27224033153289784,0.7031000000000001,0.2968999999999999,50.0,,True,876.0,1.0,0.82,11,operational,21,21,0.6,0.8,0.6,0.8,0.48,0.48,0.875
0.9672931250000001,0.03270687499999991,0.3350000000000001,0.6649999999999999,44.0,138.0,False,876.0,0.0,1.0,00,operational,22,22,0.6,0.8,0.6,0.8,0.48,0.48,0.6
0.962416025,0.03758397499999999,0.3630000000000002,0.6369999999999998,53.0,138.0,False,876.0,0.0,1.0,10,operational,22,22,0.6,0.8,0.6,0.8,0.48,0.48,0.6
0.9651878764814814,0.03481212351851859,0.3350000000000001,0.6649999999999999,44.0,145.0,False,876.0,0.0,1.0,01,operational,22,22,0.6,0.8,0.6,0.8,0.48,0.48,0.6
0.9237436070995737,0.0762563929004263,0.3630000000000002,0.6369999999999998,53.0,,True,876.0,1.0,0.9550000000000001,11,operational,22,22,0.6,0.8,0.6,0.8,0.48,0.48,0.6
0.9308809722222222,0.06911902777777779,0.48750000000000004,0.5125,44.0,211.0,False,876.0,0.0,1.0,00,operational,23,23,0.6,0.8,0.6,0.8,0.48,0.48,0.725
0.9177444905555555,0.08225550944444449,0.5313000000000001,0.46869999999999995,54.0,211.0,False,876.0,0.0,1.0,10,operational,23,23,0.6,0.8,0.6,0.8,0.48,0.48,0.725
0.9218656682920947,0.07813433170790529,0.48750000000000004,0.5125,44.0,234.0,False,876.0,0.0,1.0,01,operational,23,23,0.6,0.8,0.6,0.8,0.48,0.48,0.725
0.8122473264914627,0.1877526735085373,0.5313000000000001,0.46869999999999995,54.0,,True,876.0,1.0,0.8650000000000002,11,operational,23,23,0.6,0.8,0.6,0.8,0.48,0.48,0.725
0.914075,0.08592500000000003,0.5225000000000001,0.4774999999999999,44.0,245.0,False,876.0,0.0,1.0,00,operational,24,24,0.6,0.8,0.6,0.8,0.48,0.48,0.7
0.8969054777777777,0.10309452222222226,0.6165,0.3834999999999999,53.0,246.0,False,876.0,0.0,1.0,10,operational,24,24,0.6,0.8,0.6,0.8,0.48,0.48,0.7
0.9005567578835979,0.0994432421164021,0.5225000000000001,0.4774999999999999,44.0,280.0,False,876.0,0.0,1.0,01,operational,24,24,0.6,0.8,0.6,0.8,0.48,0.48,0.7
0.7253836558994032,0.27461634410059677,0.6165,0.3834999999999999,53.0,,True,876.0,1.0,0.7749999999999999,11,operational,24,24,0.6,0.8,0.6,0.8,0.48,0.48,0.7
0.8901015277777777,0.10989847222222227,0.58,0.42000000000000004,44.0,283.0,False,876.0,0.0,1.0,00,operational,25,25,0.6,0.8,0.6,0.8,0.48,0.48,0.825
0.8753254522222222,0.12467454777777776,0.64,0.36,51.0,283.0,False,876.0,0.0,1.0,10,operational,25,25,0.6,0.8,0.6,0.8,0.48,0.48,0.825
0.8621219745891691,0.13787802541083094,0.58,0.42000000000000004,44.0,341.0,False,876.0,0.0,1.0,01,operational,25,25,0.6,0.8,0.6,0.8,0.48,0.48,0.825
0.7398422446542509,0.26015775534574914,0.64,0.36,51.0,,True,876.0,1.0,0.82,11,operational,25,25,0.6,0.8,0.6,0.8,0.48,0.48,0.825
0.9352268055555555,0.06477319444444452,0.4700000000000001,0.5299999999999999,44.0,203.0,False,876.0,0.0,1.0,00,operational,26,26,0.6,0.8,0.6,0.8,0.48,0.48,0.725
0.9266243485185185,0.07337565148148151,0.5138,0.4861999999999999,53.0,204.0,False,876.0,0.0,1.0,10,operational,26,26,0.6,0.8,0.6,0.8,0.48,0.48,0.725
0.933988265978836,0.066011734021164,0.4700000000000001,0.5299999999999999,44.0,208.0,False,876.0,0.0,1.0,01,operational,26,26,0.6,0.8,0.6,0.8,0.48,0.48,0.725
0.923327199049817,0.07667280095018303,0.5138,0.4861999999999999,53.0,214.0,False,876.0,0.0,1.0,11,operational,26,26,0.6,0.8,0.6,0.8,0.48,0.48,0.725
0.9349177777777777,0.06508222222222226,0.4525000000000001,0.5474999999999999,44.0,208.0,False,876.0,0.0,1.0,00,operational,27,27,0.6,0.8,0.6,0.8,0.48,0.48,0.725
0.9213807111111111,0.07861928888888892,0.5483000000000001,0.4516999999999999,51.0,208.0,False,876.0,0.0,1.0,10,operational,27,27,0.6,0.8,0.6,0.8,0.48,0.48,0.725
0.9298455045175847,0.07015449548241526,0.4525000000000001,0.5474999999999999,44.0,222.0,False,876.0,0.0,1.0,01,operational,27,27,0.6,0.8,0.6,0.8,0.48,0.48,0.725
0.7776641930526251,0.22233580694737487,0.5483000000000001,0.4516999999999999,51.0,,True,876.0,1.0,0.82,11,operational,27,27,0.6,0.8,0.6,0.8,0.48,0.48,0.725
0.957963888888889,0.04203611111111105,0.37750000000000006,0.6224999999999999,44.0,160.0,False,876.0,0.0,1.0,00,operational,28,28,0.6,0.8,0.6,0.8,0.48,0.48,0.65
0.95154483,0.04845516999999999,0.3975000000000001,0.6024999999999999,50.0,160.0,False,876.0,0.0,1.0,10,operational,28,28,0.6,0.8,0.6,0.8,0.48,0.48,0.65
0.9524834414592592,0.04751655854074077,0.37750000000000006,0.6224999999999999,44.0,177.0,False,876.0,0.0,1.0,01,operational,28,28,0.6,0.8,0.6,0.8,0.48,0.48,0.65
0.91535114035907,0.08464885964093005,0.3975000000000001,0.6024999999999999,50.0,,True,876.0,1.0,0.9550000000000001,11,operational,28,28,0.6,0.8,0.6,0.8,0.48,0.48,0.65
0.9566066666666666,0.043393333333333395,0.36250000000000004,0.6375,42.0,167.0,False,876.0,0.0,1.0,00,operational,29,29,0.6,0.8,0.6,0.8,0.48,0.48,0.6
0.9497341215740741,0.05026587842592589,0.3863,0.6137,51.0,167.0,False,876.0,0.0,1.0,10,operational,29,29,0.6,0.8,0.6,0.8,0.48,0.48,0.6
0.9551941627139745,0.044805837286025496,0.36250000000000004,0.6375,42.0,173.0,False,876.0,0.0,1.0,01,operational,29,29,0.6,0.8,0.6,0.8,0.48,0.48,0.6
0.9456448251517855,0.054355174848214505,0.3863,0.6137,51.0,181.0,False,876.0,0.0,1.0,11,operational,29,29,0.6,0.8,0.6,0.8,0.48,0.48,0.6
0.8483771527777777,0.1516228472222223,0.6875,0.31249999999999994,44.0,335.0,False,876.0,0.0,1.0,00,operational,30,30,0.6,0.8,0.6,0.8,0.48,0.48,0.9
0.8250523985339506,0.17494760146604937,0.7755000000000001,0.22449999999999998,54.0,335.0,False,876.0,0.0,1.0,10,operational,30,30,0.6,0.8,0.6,0.8,0.48,0.48,0.9
0.8106632572901235,0.18933674270987655,0.6875,0.31249999999999994,44.0,402.0,False,876.0,0.0,1.0,01,operational,30,30,0.6,0.8,0.6,0.8,0.48,0.48,0.9
0.6606451608781551,0.33935483912184494,0.7755000000000001,0.22449999999999998,54.0,,True,876.0,1.0,0.7749999999999999,11,operational,30,30,0.6,0.8,0.6,0.8,0.48,0.48,0.9
0.9024,0.09760000000000002,0.55,0.4499999999999999,44.0,262.0,False,876.0,0.0,1.0,00,operational,31,31,0.6,0.8,0.6,0.8,0.48,0.48,0.8
0.8823448557407406,0.11765514425925938,0.6520000000000001,0.3479999999999999,55.0,262.0,False,876.0,0.0,1.0,10,operational,31,31,0.6,0.8,0.6,0.8,0.48,0.48,0.8
0.8921638364056541,0.10783616359434589,0.55,0.4499999999999999,44.0,285.0,False,876.0,0.0,1.0,01,operational,31,31,0.6,0.8,0.6,0.8,0.48,0.48,0.8
0.7727557524376029,0.22724424756239714,0.6520000000000001,0.3479999999999999,55.0,,True,876.0,1.0,0.865,11,operational,31,31,0.6,0.8,0.6,0.8,0.48,0.48,0.8
0.9050251388888889,0.09497486111111109,0.5574999999999999,0.44250000000000006,44.0,253.0,False,876.0,0.0,1.0,00,operational,32,32,0.6,0.8,0.6,0.8,0.48,0.48,0.825
0.8934889306635803,0.10651106933641974,0.5979,0.4021,55.0,253.0,False,876.0,0.0,1.0,10,operational,32,32,0.6,0.8,0.6,0.8,0.48,0.48,0.825
0.8886582283102292,0.11134177168977077,0.5574999999999999,0.44250000000000006,44.0,286.0,False,876.0,0.0,1.0,01,operational,32,32,0.6,0.8,0.6,0.8,0.48,0.48,0.825
0.7940008158918631,0.2059991841081369,0.5979,0.4021,55.0,,True,876.0,1.0,0.8650000000000002,11,operational,32,32,0.6,0.8,0.6,0.8,0.48,0.48,0.825
0.8986461111111111,0.10135388888888885,0.5999999999999999,0.4000000000000001,44.0,255.0,False,876.0,0.0,1.0,00,operational,33,33,0.6,0.8,0.6,0.8,0.48,0.48,0.8
0.8872641388888888,0.11273586111111122,0.6424,0.35760000000000003,54.0,256.0,False,876.0,0.0,1.0,10,operational,33,33,0.6,0.8,0.6,0.8,0.48,0.48,0.8
0.8822918856935366,0.11770811430646344,0.5999999999999999,0.4000000000000001,44.0,292.0,False,876.0,0.0,1.0,01,operational,33,33,0.6,0.8,0.6,0.8,0.48,0.48,0.8
0.8093690519138779,0.19063094808612213,0.6424,0.35760000000000003,54.0,,True,876.0,1.0,0.9100000000000001,11,operational,33,33,0.6,0.8,0.6,0.8,0.48,0.48,0.8
0.8914643055555556,0.10853569444444444,0.6000000000000001,0.39999999999999997,44.0,275.0,False,876.0,0.0,1.0,00,operational,34,34,0.6,0.8,0.6,0.8,0.48,0.48,0.775
0.8792697604938271,0.1207302395061729,0.634,0.366,54.0,276.0,False,876.0,0.0,1.0,10,operational,34,34,0.6,0.8,0.6,0.8,0.48,0.48,0.775
0.8774666711254799,0.12253332887452006,0.6000000000000001,0.39999999999999997,44.0,307.0,False,876.0,0.0,1.0,01,operational,34,34,0.6,0.8,0.6,0.8,0.48,0.48,0.775
0.7804841997067354,0.21951580029326456,0.634,0.366,54.0,,True,876.0,1.0,0.865,11,operational,34,34,0.6,0.8,0.6,0.8,0.48,0.48,0.775
0.8804155555555556,0.11958444444444438,0.6025,0.39749999999999996,44.0,299.0,False,876.0,0.0,1.0,00,operational,35,35,0.6,0.8,0.6,0.8,0.48,0.48,0.75
0.8632481340740741,0.13675186592592592,0.6485,0.35150000000000003,45.0,301.0,False,876.0,0.0,1.0,10,operational,35,35,0.6,0.8,0.6,0.8,0.48,0.48,0.75
0.8742889694751323,0.12571103052486765,0.6025,0.39749999999999996,44.0,315.0,False,876.0,0.0,1.0,01,operational,35,35,0.6,0.8,0.6,0.8,0.48,0.48,0.75
0.7977130366353187,0.20228696336468133,0.6485,0.35150000000000003,45.0,,True,876.0,1.0,0.9099999999999999,11,operational,35,35,0.6,0.8,0.6,0.8,0.48,0.48,0.75
0.9438099999999999,0.05619000000000007,0.44999999999999996,0.55,44.0,183.0,False,876.0,0.0,1.0,00,operational,36,36,0.6,0.8,0.6,0.8,0.48,0.48,0.75
0.9325025027777777,0.06749749722222231,0.5058,0.4941999999999999,51.0,184.0,False,876.0,0.0,1.0,10,operational,36,36,0.6,0.8,0.6,0.8,0.48,0.48,0.75
0.9366137998148149,0.06338620018518515,0.44999999999999996,0.55,44.0,202.0,False,876.0,0.0,1.0,01,operational,36,36,0.6,0.8,0.6,0.8,0.48,0.48,0.75
0.8223310878918194,0.1776689121081806,0.5058,0.4941999999999999,51.0,,True,876.0,1.0,0.8650000000000002,11,operational,36,36,0.6,0.8,0.6,0.8,0.48,0.48,0.75
0.9304406249999999,0.06955937500000009,0.5,0.5,44.0,206.0,False,876.0,0.0,1.0,00,operational,37,37,0.6,0.8,0.6,0.8,0.48,0.48,0.85
0.9186698164814815,0.0813301835185185,0.5760000000000001,0.42399999999999993,55.0,206.0,False,876.0,0.0,1.0,10,operational,37,37,0.6,0.8,0.6,0.8,0.48,0.48,0.85
0.9248367132892417,0.07516328671075834,0.5,0.5,44.0,220.0,False,876.0,0.0,1.0,01,operational,37,37,0.6,0.8,0.6,0.8,0.48,0.48,0.85
0.9077367338203706,0.09226326617962943,0.5760000000000001,0.42399999999999993,55.0,232.0,False,876.0,0.0,1.0,11,operational,37,37,0.6,0.8,0.6,0.8,0.48,0.48,0.85
0.7997891666666667,0.20021083333333334,0.77,0.22999999999999998,44.0,401.0,False,876.0,0.0,1.0,00,operational,38,38,0.6,0.8,0.6,0.8,0.48,0.48,0.925
0.7796380726851853,0.22036192731481474,0.8222,0.17779999999999996,55.0,401.0,False,876.0,0.0,1.0,10,operational,38,38,0.6,0.8,0.6,0.8,0.48,0.48,0.925
0.7475706810185185,0.25242931898148147,0.77,0.22999999999999998,44.0,487.0,False,876.0,0.0,1.0,01,operational,38,38,0.6,0.8,0.6,0.8,0.48,0.48,0.925
0.6318471774783063,0.3681528225216937,0.8222,0.17779999999999996,55.0,,True,876.0,1.0,0.7749999999999999,11,operational,38,38,0.6,0.8,0.6,0.8,0.48,0.48,0.925
0.925335,0.07466499999999998,0.5,0.5,44.0,220.0,False,876.0,0.0,1.0,00,operational,39,39,0.6,0.8,0.6,0.8,0.48,0.48,0.725
0.9135916524074075,0.08640834759259253,0.5600000000000002,0.43999999999999984,53.0,220.0,False,876.0,0.0,1.0,10,operational,39,39,0.6,0.8,0.6,0.8,0.48,0.48,0.725
0.9048518745653594,0.09514812543464057,0.5,0.5,44.0,267.0,False,876.0,0.0,1.0,01,operational,39,39,0.6,0.8,0.6,0.8,0.48,0.48,0.725
0.808081504293105,0.191918495706895,0.5600000000000002,0.43999999999999984,53.0,,True,876.0,1.0,0.8650000000000002,11,operational,39,39,0.6,0.8,0.6,0.8,0.48,0.48,0.725
0.9635551388888889,0.036444861111111115,0.3500000000000002,0.6499999999999998,44.0,147.0,False,876.0,0.0,1.0,00,operational,40,40,0.6,0.8,0.6,0.8,0.48,0.48,0.675
0.9579357037037036,0.04206429629629638,0.3700000000000001,0.6299999999999999,50.0,147.0,False,876.0,0.0,1.0,10,operational,40,40,0.6,0.8,0.6,0.8,0.48,0.48,0.675
0.9616915458201059,0.03830845417989415,0.3500000000000002,0.6499999999999998,44.0,154.0,False,876.0,0.0,1.0,01,operational,40,40,0.6,0.8,0.6,0.8,0.48,0.48,0.675
0.9189181144961811,0.0810818855038189,0.3700000000000001,0.6299999999999999,50.0,,True,876.0,1.0,0.9550000000000001,11,operational,40,40,0.6,0.8,0.6,0.8,0.48,0.48,0.675
0.9462352083333333,0.0537647916666667,0.4025000000000001,0.5974999999999999,44.0,189.0,False,876.0,0.0,1.0,00,operational,41,41,0.6,0.8,0.6,0.8,0.48,0.48,0.65
0.9386325980555555,0.061367401944444455,0.4025000000000001,0.5974999999999999,44.0,190.0,False,876.0,0.0,1.0,10,operational,41,41,0.6,0.8,0.6,0.8,0.48,0.48,0.65
0.9352130424843915,0.06478695751560848,0.4025000000000001,0.5974999999999999,44.0,221.0,False,876.0,0.0,1.0,01,operational,41,41,0.6,0.8,0.6,0.8,0.48,0.48,0.65
0.8678055352092447,0.13219446479075525,0.4025000000000001,0.5974999999999999,44.0,,True,876.0,1.0,0.9100000000000001,11,operational,41,41,0.6,0.8,0.6,0.8,0.48,0.48,0.65
0.915585,0.08441500000000002,0.5399999999999999,0.4600000000000001,44.0,233.0,False,876.0,0.0,1.0,00,operational,42,42,0.6,0.8,0.6,0.8,0.48,0.48,0.725
0.904197112345679,0.09580288765432099,0.6104,0.3896,52.0,234.0,False,876.0,0.0,1.0,10,operational,42,42,0.6,0.8,0.6,0.8,0.48,0.48,0.725
0.8977758318209876,0.10222416817901236,0.5399999999999999,0.4600000000000001,44.0,272.0,False,876.0,0.0,1.0,01,operational,42,42,0.6,0.8,0.6,0.8,0.48,0.48,0.725
0.7912165476550945,0.20878345234490547,0.6104,0.3896,52.0,,True,876.0,1.0,0.865,11,operational,42,42,0.6,0.8,0.6,0.8,0.48,0.48,0.725
0.9195552083333333,0.08044479166666674,0.515,0.485,44.0,231.0,False,876.0,0.0,1.0,00,operational,43,43,0.6,0.8,0.6,0.8,0.48,0.48,0.65
0.9063020586419753,0.09369794135802467,0.5848000000000001,0.4151999999999999,52.0,233.0,False,876.0,0.0,1.0,10,operational,43,43,0.6,0.8,0.6,0.8,0.48,0.48,0.65
0.8967995634876543,0.10320043651234567,0.515,0.485,44.0,284.0,False,876.0,0.0,1.0,01,operational,43,43,0.6,0.8,0.6,0.8,0.48,0.48,0.65
0.7606891406340366,0.2393108593659634,0.5848000000000001,0.4151999999999999,52.0,,True,876.0,1.0,0.82,11,operational,43,43,0.6,0.8,0.6,0.8,0.48,0.48,0.65
0.8555092361111111,0.14449076388888893,0.7175,0.28250000000000003,44.0,312.0,False,876.0,0.0,1.0,00,operational,44,44,0.6,0.8,0.6,0.8,0.48,0.48,0.95
0.8361646719135802,0.16383532808641976,0.7957000000000001,0.20429999999999993,54.0,312.0,False,876.0,0.0,1.0,10,operational,44,44,0.6,0.8,0.6,0.8,0.48,0.48,0.95
0.8396694410246914,0.16033055897530857,0.7175,0.28250000000000003,44.0,342.0,False,876.0,0.0,1.0,01,operational,44,44,0.6,0.8,0.6,0.8,0.48,0.48,0.95
0.7347111086044438,0.2652888913955562,0.7957000000000001,0.20429999999999993,54.0,,True,876.0,1.0,0.865,11,operational,44,44,0.6,0.8,0.6,0.8,0.48,0.48,0.95
0.948204375,0.05179562500000001,0.44000000000000006,0.5599999999999999,44.0,174.0,False,876.0,0.0,1.0,00,operational,45,45,0.6,0.8,0.6,0.8,0.48,0.48,0.75
0.9405821804320987,0.059417819567901264,0.4978,0.5022,54.0,174.0,False,876.0,0.0,1.0,10,operational,45,45,0.6,0.8,0.6,0.8,0.48,0.48,0.75
0.9398519612916277,0.060148038708372265,0.44000000000000006,0.5599999999999999,44.0,197.0,False,876.0,0.0,1.0,01,operational,45,45,0.6,0.8,0.6,0.8,0.48,0.48,0.75
0.9016628739076,0.09833712609239997,0.4978,0.5022,54.0,,True,876.0,1.0,0.9550000000000001,11,operational,45,45,0.6,0.8,0.6,0.8,0.48,0.48,0.75
0.9378854166666666,0.06211458333333342,0.46499999999999997,0.535,44.0,196.0,False,876.0,0.0,1.0,00,operational,46,46,0.6,0.8,0.6,0.8,0.48,0.48,0.775
0.9289434963580246,0.07105650364197535,0.5092,0.4908,51.0,196.0,False,876.0,0.0,1.0,10,operational,46,46,0.6,0.8,0.6,0.8,0.48,0.48,0.775
0.9254507767668846,0.07454922323311541,0.46499999999999997,0.535,44.0,226.0,False,876.0,0.0,1.0,01,operational,46,46,0.6,0.8,0.6,0.8,0.48,0.48,0.775
0.820381803499461,0.179618196500539,0.5092,0.4908,51.0,,True,876.0,1.0,0.865,11,operational,46,46,0.6,0.8,0.6,0.8,0.48,0.48,0.775
0.9590829861111111,0.04091701388888891,0.3800000000000001,0.6199999999999999,44.0,156.0,False,876.0,0.0,1.0,00,operational,47,47,0.6,0.8,0.6,0.8,0.48,0.48,0.6
0.9536533857407408,0.04634661425925923,0.42800000000000016,0.5719999999999998,53.0,157.0,False,876.0,0.0,1.0,10,operational,47,47,0.6,0.8,0.6,0.8,0.48,0.48,0.6
0.9526401411104886,0.04735985888951144,0.3800000000000001,0.6199999999999999,44.0,177.0,False,876.0,0.0,1.0,01,operational,47,47,0.6,0.8,0.6,0.8,0.48,0.48,0.6
0.8750376344135308,0.12496236558646923,0.42800000000000016,0.5719999999999998,53.0,,True,876.0,1.0,0.9100000000000001,11,operational,47,47,0.6,0.8,0.6,0.8,0.48,0.48,0.6
0.8354780555555555,0.16452194444444446,0.705,0.29500000000000004,44.0,355.0,False,876.0,0.0,1.0,00,operational,48,48,0.6,0.8,0.6,0.8,0.48,0.48,0.875
0.8217033302469136,0.17829666975308645,0.7472,0.2528,54.0,356.0,False,876.0,0.0,1.0,10,operational,48,48,0.6,0.8,0.6,0.8,0.48,0.48,0.875
0.7963136713888889,0.20368632861111113,0.705,0.29500000000000004,44.0,426.0,False,876.0,0.0,1.0,01,operational,48,48,0.6,0.8,0.6,0.8,0.48,0.48,0.875
0.7055651960680221,0.29443480393197785,0.7472,0.2528,54.0,,True,876.0,1.0,0.82,11,operational,48,48,0.6,0.8,0.6,0.8,0.48,0.48,0.875
0.8926354166666666,0.10736458333333343,0.61,0.39,44.0,266.0,False,876.0,0.0,1.0,00,operational,49,49,0.6,0.8,0.6,0.8,0.48,0.48,0.875
0.8805902284722222,0.11940977152777776,0.6355999999999999,0.36440000000000006,54.0,267.0,False,876.0,0.0,1.0,10,operational,49,49,0.6,0.8,0.6,0.8,0.48,0.48,0.875
0.8768019590958606,0.12319804090413944,0.61,0.39,44.0,298.0,False,876.0,0.0,1.0,01,operational,49,49,0.6,0.8,0.6,0.8,0.48,0.48,0.875
0.809718800806787,0.19028119919321296,0.6355999999999999,0.36440000000000006,54.0,,True,876.0,1.0,0.9099999999999999,11,operational,49,49,0.6,0.8,0.6,0.8,0.48,0.48,0.875
0.9364839583333332,0.0635160416666668,0.4675,0.5325,44.0,199.0,False,876.0,0.0,1.0,00,operational,50,50,0.6,0.8,0.6,0.8,0.48,0.48,0.8
0.9266452733333332,0.07335472666666676,0.5135000000000002,0.4864999999999998,52.0,199.0,False,876.0,0.0,1.0,10,operational,50,50,0.6,0.8,0.6,0.8,0.48,0.48,0.8
0.921447216626455,0.07855278337354499,0.4675,0.5325,44.0,234.0,False,876.0,0.0,1.0,01,operational,50,50,0.6,0.8,0.6,0.8,0.48,0.48,0.8
0.8576460172348427,0.14235398276515732,0.5135000000000002,0.4864999999999998,52.0,,True,876.0,1.0,0.9100000000000001,11,operational,50,50,0.6,0.8,0.6,0.8,0.48,0.48,0.8
0.9377909722222222,0.062209027777777814,0.4650000000000001,0.5349999999999999,44.0,196.0,False,876.0,0.0,1.0,00,operational,51,51,0.6,0.8,0.6,0.8,0.48,0.48,0.775
0.9280523554938271,0.07194764450617286,0.5288000000000002,0.4711999999999998,55.0,196.0,False,876.0,0.0,1.0,10,operational,51,51,0.6,0.8,0.6,0.8,0.48,0.48,0.775
0.923867214729225,0.07613278527077505,0.4650000000000001,0.5349999999999999,44.0,229.0,False,876.0,0.0,1.0,01,operational,51,51,0.6,0.8,0.6,0.8,0.48,0.48,0.775
0.8538265155742015,0.14617348442579847,0.5288000000000002,0.4711999999999998,55.0,,True,876.0,1.0,0.9100000000000001,11,operational,51,51,0.6,0.8,0.6,0.8,0.48,0.48,0.775
0.9255644444444445,0.07443555555555548,0.5074999999999998,0.49250000000000016,44.0,217.0,False,876.0,0.0,1.0,00,operational,52,52,0.6,0.8,0.6,0.8,0.48,0.48,0.75
0.9125093938271605,0.08749060617283955,0.5779,0.42210000000000003,55.0,217.0,False,876.0,0.0,1.0,10,operational,52,52,0.6,0.8,0.6,0.8,0.48,0.48,0.75
0.9149236666666666,0.08507633333333342,0.5074999999999998,0.49250000000000016,44.0,241.0,False,876.0,0.0,1.0,01,operational,52,52,0.6,0.8,0.6,0.8,0.48,0.48,0.75
0.8661964740906953,0.13380352590930467,0.5779,0.42210000000000003,55.0,,True,876.0,1.0,0.9550000000000001,11,operational,52,52,0.6,0.8,0.6,0.8,0.48,0.48,0.75
0.9000395833333333,0.09996041666666666,0.5825,0.4175,44.0,258.0,False,876.0,0.0,1.0,00,operational,53,53,0.6,0.8,0.6,0.8,0.48,0.48,0.825
0.8829270389814815,0.1170729610185185,0.6463000000000001,0.35369999999999996,54.0,259.0,False,876.0,0.0,1.0,10,operational,53,53,0.6,0.8,0.6,0.8,0.48,0.48,0.825
0.8917562143915344,0.10824378560846559,0.5825,0.4175,44.0,277.0,False,876.0,0.0,1.0,01,operational,53,53,0.6,0.8,0.6,0.8,0.48,0.48,0.825
0.7760432401839863,0.2239567598160137,0.6463000000000001,0.35369999999999996,54.0,,True,876.0,1.0,0.865,11,operational,53,53,0.6,0.8,0.6,0.8,0.48,0.48,0.825
0.908223125,0.09177687499999998,0.5050000000000001,0.49499999999999994,44.0,268.0,False,876.0,0.0,1.0,00,operational,54,54,0.6,0.8,0.6,0.8,0.48,0.48,0.7
0.8925603863425926,0.1074396136574074,0.5586,0.44139999999999996,55.0,268.0,False,876.0,0.0,1.0,10,operational,54,54,0.6,0.8,0.6,0.8,0.48,0.48,0.7
0.8935983850518517,0.10640161494814826,0.5050000000000001,0.49499999999999994,44.0,303.0,False,876.0,0.0,1.0,01,operational,54,54,0.6,0.8,0.6,0.8,0.48,0.48,0.7
0.7549881868532133,0.24501181314678666,0.5586,0.44139999999999996,55.0,,True,876.0,1.0,0.82,11,operational,54,54,0.6,0.8,0.6,0.8,0.48,0.48,0.7
0.8874049305555555,0.11259506944444453,0.5900000000000001,0.41,44.0,285.0,False,876.0,0.0,1.0,00,operational,55,55,0.6,0.8,0.6,0.8,0.48,0.48,0.85
0.8764058479166668,0.12359415208333324,0.6198,0.3802,54.0,285.0,False,876.0,0.0,1.0,10,operational,55,55,0.6,0.8,0.6,0.8,0.48,0.48,0.85
0.8691431040250545,0.13085689597494554,0.5900000000000001,0.41,44.0,325.0,False,876.0,0.0,1.0,01,operational,55,55,0.6,0.8,0.6,0.8,0.48,0.48,0.85
0.8273124243914494,0.17268757560855064,0.6198,0.3802,54.0,,True,876.0,1.0,0.9550000000000001,11,operational,55,55,0.6,0.8,0.6,0.8,0.48,0.48,0.85
0.891548125,0.10845187499999998,0.6075000000000002,0.3924999999999999,44.0,271.0,False,876.0,0.0,1.0,00,operational,56,56,0.6,0.8,0.6,0.8,0.48,0.48,0.8
0.8749938790895062,0.1250061209104938,0.6597,0.3403,51.0,272.0,False,876.0,0.0,1.0,10,operational,56,56,0.6,0.8,0.6,0.8,0.48,0.48,0.8
0.8741693290339246,0.12583067096607536,0.6075000000000002,0.3924999999999999,44.0,306.0,False,876.0,0.0,1.0,01,operational,56,56,0.6,0.8,0.6,0.8,0.48,0.48,0.8
0.739815749812061,0.260184250187939,0.6597,0.3403,51.0,,True,876.0,1.0,0.82,11,operational,56,56,0.6,0.8,0.6,0.8,0.48,0.48,0.8
0.8529114583333333,0.14708854166666674,0.6725000000000001,0.3274999999999999,44.0,332.0,False,876.0,0.0,1.0,00,operational,57,57,0.6,0.8,0.6,0.8,0.48,0.48,0.9
0.8303378362037036,0.1696621637962964,0.7401000000000001,0.2598999999999999,52.0,333.0,False,876.0,0.0,1.0,10,operational,57,57,0.6,0.8,0.6,0.8,0.48,0.48,0.9
0.8330522666975309,0.16694773330246915,0.6725000000000001,0.3274999999999999,44.0,368.0,False,876.0,0.0,1.0,01,operational,57,57,0.6,0.8,0.6,0.8,0.48,0.48,0.9
0.7093203953819402,0.29067960461805975,0.7401000000000001,0.2598999999999999,52.0,,True,876.0,1.0,0.82,11,operational,57,57,0.6,0.8,0.6,0.8,0.48,0.48,0.9
0.9825133333333332,0.01748666666666676,0.25249999999999995,0.7475,44.0,97.0,False,876.0,0.0,1.0,00,operational,58,58,0.6,0.8,0.6,0.8,0.48,0.48,0.45
0.9796011701234568,0.02039882987654318,0.28889999999999993,0.7111000000000001,54.0,98.0,False,876.0,0.0,1.0,10,operational,58,58,0.6,0.8,0.6,0.8,0.48,0.48,0.45
0.9819233938271605,0.01807660617283946,0.25249999999999995,0.7475,44.0,100.0,False,876.0,0.0,1.0,01,operational,58,58,0.6,0.8,0.6,0.8,0.48,0.48,0.45
0.9772769610137865,0.02272303898621353,0.28889999999999993,0.7111000000000001,54.0,108.0,False,876.0,0.0,1.0,11,operational,58,58,0.6,0.8,0.6,0.8,0.48,0.48,0.45
0.8293766666666668,0.17062333333333324,0.72,0.28,44.0,363.0,False,876.0,0.0,1.0,00,operational,59,59,0.6,0.8,0.6,0.8,0.48,0.48,0.875
0.8043896589506173,0.19561034104938269,0.7842,0.2158,51.0,364.0,False,876.0,0.0,1.0,10,operational,59,59,0.6,0.8,0.6,0.8,0.48,0.48,0.875
0.8074909324680983,0.19250906753190167,0.72,0.28,44.0,402.0,False,876.0,0.0,1.0,01,operational,59,59,0.6,0.8,0.6,0.8,0.48,0.48,0.875
0.7049749323037445,0.29502506769625547,0.7842,0.2158,51.0,,True,876.0,1.0,0.8649999999999999,11,operational,59,59,0.6,0.8,0.6,0.8,0.48,0.48,0.875
