R,loss,Lambda,F_min,t_min,T_rec,T_rec_censored,T_rec_bound,lock_in,F_end,arm,indicator,replication,frac_damaged
0.9376123120078615,0.0623876879921384,0.4279152169422411,0.5720847830577589,360.0,810.0,False,3760.0,0.0,0.9999999999999992,00,operational,0,0.2631578947368421
0.93389757712599,0.06610242287401,0.4279152169422411,0.5720847830577589,360.0,860.0,False,3760.0,0.0,0.9999999999999992,01,operational,0,0.2631578947368421
0.9338523256329536,0.0661476743670462,0.441116988603017,0.5588830113969829,360.0,810.0,False,3760.0,0.0,0.9999999999999992,10,operational,0,0.2631578947368421
0.8602924221033688,0.1397075778966312,0.441116988603017,0.5588830113969829,360.0,,True,3760.0,1.0,0.9061811327489596,11,operational,0,0.2631578947368421
0.9455354840394666,0.0544645159605333,0.6129384379561768,0.3870615620438232,360.0,750.0,False,3760.0,0.0,0.9999999999999992,00,operational,1,0.2982456140350877
0.9406181223925782,0.0593818776074217,0.6129384379561768,0.3870615620438232,360.0,830.0,False,3760.0,0.0,0.9999999999999992,01,operational,1,0.2982456140350877
0.9378929889541466,0.0621070110458533,0.7811550951520505,0.2188449048479495,360.0,750.0,False,3760.0,0.0,0.9999999999999992,10,operational,1,0.2982456140350877
0.930573401656852,0.069426598343148,0.7811550951520505,0.2188449048479495,360.0,870.0,False,3760.0,0.0,0.9999999999999992,11,operational,1,0.2982456140350877
0.8981228861260552,0.1018771138739448,0.6920576173024078,0.3079423826975922,360.0,1060.0,False,3760.0,0.0,0.9999999999999992,00,operational,2,0.3859649122807017
0.886742485391593,0.113257514608407,0.6920576173024078,0.3079423826975922,360.0,1230.0,False,3760.0,0.0,0.9999999999999992,01,operational,2,0.3859649122807017
0.8902109403776671,0.1097890596223328,0.7736651660669969,0.2263348339330031,360.0,1060.0,False,3760.0,0.0,0.9999999999999992,10,operational,2,0.3859649122807017
0.8823193712282922,0.1176806287717078,0.7736651660669969,0.2263348339330031,360.0,1230.0,False,3760.0,0.0,0.9999999999999992,11,operational,2,0.3859649122807017
0.9404300615072282,0.0595699384927718,0.4303941083710467,0.5696058916289533,360.0,770.0,False,3760.0,0.0,0.9999999999999992,00,operational,3,0.2982456140350877
0.9375818816983796,0.0624181183016202,0.4303941083710467,0.5696058916289533,360.0,820.0,False,3760.0,0.0,0.9999999999999992,01,operational,3,0.2982456140350877
0.9367252325551352,0.0632747674448648,0.4562556274229921,0.5437443725770079,360.0,770.0,False,3760.0,0.0,0.9999999999999992,10,operational,3,0.2982456140350877
0.9325817895624968,0.0674182104375031,0.4562556274229921,0.5437443725770079,360.0,830.0,False,3760.0,0.0,0.9999999999999992,11,operational,3,0.2982456140350877
0.9530293918531644,0.0469706081468357,0.3941902356069356,0.6058097643930643,360.0,680.0,False,3760.0,0.0,0.9999999999999992,00,operational,4,0.2982456140350877
0.9489305136910104,0.0510694863089895,0.3941902356069356,0.6058097643930643,360.0,740.0,False,3760.0,0.0,0.9999999999999992,01,operational,4,0.2982456140350877
0.9486125870732032,0.0513874129267968,0.4236376184277269,0.576362381572273,360.0,680.0,False,3760.0,0.0,0.9999999999999992,10,operational,4,0.2982456140350877
0.87172879138229,0.12827120861771,0.4236376184277269,0.576362381572273,360.0,,True,3760.0,1.0,0.9061811327489596,11,operational,4,0.2982456140350877
0.9668836477041882,0.0331163522958117,0.3800180279464756,0.6199819720535243,360.0,520.0,False,3760.0,0.0,0.9999999999999992,00,operational,5,0.1929824561403508
0.966864371007421,0.033135628992579,0.3800180279464756,0.6199819720535243,360.0,520.0,False,3760.0,0.0,0.9999999999999992,01,operational,5,0.1929824561403508
0.9647609772902052,0.0352390227097948,0.3874095035934396,0.6125904964065604,360.0,530.0,False,3760.0,0.0,0.9999999999999992,10,operational,5,0.1929824561403508
0.9645994147991284,0.0354005852008717,0.3874095035934396,0.6125904964065604,360.0,530.0,False,3760.0,0.0,0.9999999999999992,11,operational,5,0.1929824561403508
0.9509006083027892,0.0490993916972108,0.4360613293301588,0.5639386706698412,360.0,720.0,False,3760.0,0.0,0.9999999999999992,00,operational,6,0.3333333333333333
0.9465311482155192,0.0534688517844806,0.4360613293301588,0.5639386706698412,360.0,770.0,False,3760.0,0.0,0.9999999999999992,01,operational,6,0.3333333333333333
0.9478481963638268,0.0521518036361731,0.4595404654636587,0.5404595345363413,360.0,720.0,False,3760.0,0.0,0.9999999999999992,10,operational,6,0.3333333333333333
0.8673694090640255,0.1326305909359745,0.4595404654636587,0.5404595345363413,360.0,,True,3760.0,1.0,0.9061811327489596,11,operational,6,0.3333333333333333
0.99218202802497,0.0078179719750298,0.150267878249473,0.8497321217505269,360.0,220.0,False,3760.0,0.0,0.9999999999999992,00,operational,7,0.1052631578947368
0.9920934914864478,0.0079065085135522,0.150267878249473,0.8497321217505269,360.0,230.0,False,3760.0,0.0,0.9999999999999992,01,operational,7,0.1052631578947368
0.9917020450116278,0.0082979549883721,0.1629212394425084,0.8370787605574915,360.0,220.0,False,3760.0,0.0,0.9999999999999992,10,operational,7,0.1052631578947368
0.9914606429072602,0.0085393570927397,0.1629212394425084,0.8370787605574915,360.0,230.0,False,3760.0,0.0,0.9999999999999992,11,operational,7,0.1052631578947368
0.9752832025677608,0.024716797432239,0.2648343132410864,0.7351656867589136,360.0,460.0,False,3760.0,0.0,0.9999999999999992,00,operational,8,0.1578947368421052
0.975084337632434,0.0249156623675659,0.2648343132410864,0.7351656867589136,360.0,470.0,False,3760.0,0.0,0.9999999999999992,01,operational,8,0.1578947368421052
0.9738088522336428,0.0261911477663572,0.2775905130375534,0.7224094869624466,360.0,460.0,False,3760.0,0.0,0.9999999999999992,10,operational,8,0.1578947368421052
0.9732197155933175,0.0267802844066823,0.2775905130375534,0.7224094869624466,360.0,480.0,False,3760.0,0.0,0.9999999999999992,11,operational,8,0.1578947368421052
0.9360988066961438,0.0639011933038562,0.4537761432905686,0.5462238567094314,360.0,800.0,False,3760.0,0.0,0.9999999999999992,00,operational,9,0.2631578947368421
0.9329414201669112,0.0670585798330889,0.4537761432905686,0.5462238567094314,360.0,840.0,False,3760.0,0.0,0.9999999999999992,01,operational,9,0.2631578947368421
0.9296775969720178,0.0703224030279822,0.4701868159647512,0.5298131840352488,360.0,800.0,False,3760.0,0.0,0.9999999999999992,10,operational,9,0.2631578947368421
0.8553705600109294,0.1446294399890706,0.4701868159647512,0.5298131840352488,360.0,,True,3760.0,1.0,0.9061811327489596,11,operational,9,0.2631578947368421
0.9606963435800768,0.039303656419923,0.356630987003542,0.643369012996458,360.0,650.0,False,3760.0,0.0,0.9999999999999992,00,operational,10,0.2280701754385964
0.951774208141484,0.048225791858516,0.356630987003542,0.643369012996458,360.0,810.0,False,3760.0,0.0,0.9999999999999992,01,operational,10,0.2280701754385964
0.9576332875831676,0.0423667124168323,0.3607712747209692,0.6392287252790307,360.0,650.0,False,3760.0,0.0,0.9999999999999992,10,operational,10,0.2280701754385964
0.8256002564959504,0.1743997435040496,0.3607712747209692,0.6392287252790307,360.0,,True,3760.0,1.0,0.8435994411819693,11,operational,10,0.2280701754385964
0.957989788838514,0.042010211161486,0.3491068327789213,0.6508931672210787,360.0,690.0,False,3760.0,0.0,0.9999999999999992,00,operational,11,0.2807017543859649
0.955996339301844,0.044003660698156,0.3491068327789213,0.6508931672210787,360.0,720.0,False,3760.0,0.0,0.9999999999999992,01,operational,11,0.2807017543859649
0.9506060387478216,0.0493939612521783,0.4146611894917223,0.5853388105082776,360.0,690.0,False,3760.0,0.0,0.9999999999999992,10,operational,11,0.2807017543859649
0.946585318840774,0.053414681159226,0.4146611894917223,0.5853388105082776,360.0,750.0,False,3760.0,0.0,0.9999999999999992,11,operational,11,0.2807017543859649
0.9353488839615608,0.0646511160384393,0.4248410974756743,0.5751589025243257,360.0,900.0,False,3760.0,0.0,0.9999999999999992,00,operational,12,0.3157894736842105
0.9316350500770684,0.0683649499229315,0.4248410974756743,0.5751589025243257,360.0,960.0,False,3760.0,0.0,0.9999999999999992,01,operational,12,0.3157894736842105
0.92887384481318,0.0711261551868198,0.445325918428979,0.5546740815710209,360.0,900.0,False,3760.0,0.0,0.9999999999999992,10,operational,12,0.3157894736842105
0.9233997773248828,0.0766002226751172,0.445325918428979,0.5546740815710209,360.0,980.0,False,3760.0,0.0,0.9999999999999992,11,operational,12,0.3157894736842105
0.889576787694177,0.1104232123058229,0.5258220762346822,0.4741779237653177,360.0,1220.0,False,3760.0,0.0,0.9999999999999992,00,operational,13,0.4210526315789473
0.8758426577092985,0.1241573422907015,0.5258220762346822,0.4741779237653177,360.0,1380.0,False,3760.0,0.0,0.9999999999999992,01,operational,13,0.4210526315789473
0.8793049420433847,0.1206950579566152,0.5439184370162213,0.4560815629837786,360.0,1220.0,False,3760.0,0.0,0.9999999999999992,10,operational,13,0.4210526315789473
0.8035715770577233,0.1964284229422767,0.5439184370162213,0.4560815629837786,360.0,,True,3760.0,1.0,0.9061811327489596,11,operational,13,0.4210526315789473
0.9336577605090252,0.0663422394909748,0.4627144367632478,0.5372855632367521,360.0,840.0,False,3760.0,0.0,0.9999999999999992,00,operational,14,0.2982456140350877
0.9300214838333364,0.0699785161666636,0.4627144367632478,0.5372855632367521,360.0,890.0,False,3760.0,0.0,0.9999999999999992,01,operational,14,0.2982456140350877
0.9296917763394204,0.0703082236605796,0.468751374172526,0.531248625827474,360.0,850.0,False,3760.0,0.0,0.9999999999999992,10,operational,14,0.2982456140350877
0.8559628271497268,0.1440371728502731,0.468751374172526,0.531248625827474,360.0,,True,3760.0,1.0,0.9061811327489596,11,operational,14,0.2982456140350877
0.9299311630098964,0.0700688369901035,0.4547247410818037,0.5452752589181963,360.0,830.0,False,3760.0,0.0,0.9999999999999992,00,operational,15,0.2631578947368421
0.9274340318129752,0.0725659681870247,0.4547247410818037,0.5452752589181963,360.0,860.0,False,3760.0,0.0,0.9999999999999992,01,operational,15,0.2631578947368421
0.9248197364878968,0.0751802635121032,0.4816837472659553,0.5183162527340447,360.0,830.0,False,3760.0,0.0,0.9999999999999992,10,operational,15,0.2631578947368421
0.8010432376506303,0.1989567623493696,0.4816837472659553,0.5183162527340447,360.0,,True,3760.0,1.0,0.8435994411819693,11,operational,15,0.2631578947368421
0.920890322869744,0.079109677130256,0.5017779246376616,0.4982220753623384,360.0,950.0,False,3760.0,0.0,0.9999999999999992,00,operational,16,0.3684210526315789
0.9138697649236592,0.0861302350763407,0.5017779246376616,0.4982220753623384,360.0,1040.0,False,3760.0,0.0,0.9999999999999992,01,operational,16,0.3684210526315789
0.9111773422111498,0.0888226577888502,0.535138060345411,0.464861939654589,360.0,950.0,False,3760.0,0.0,0.9999999999999992,10,operational,16,0.3684210526315789
0.8362905139203052,0.1637094860796948,0.535138060345411,0.464861939654589,360.0,,True,3760.0,1.0,0.9061811327489596,11,operational,16,0.3684210526315789
0.980736429934428,0.019263570065572,0.3181968188607328,0.6818031811392672,360.0,420.0,False,3760.0,0.0,0.9999999999999992,00,operational,17,0.1228070175438596
0.9799970498318572,0.0200029501681426,0.3181968188607328,0.6818031811392672,360.0,440.0,False,3760.0,0.0,0.9999999999999992,01,operational,17,0.1228070175438596
0.964351456830038,0.0356485431699621,0.5901354374183536,0.4098645625816464,360.0,430.0,False,3760.0,0.0,0.9999999999999992,10,operational,17,0.1228070175438596
0.827720138491819,0.1722798615081809,0.5901354374183536,0.4098645625816464,360.0,,True,3760.0,1.0,0.8435994411819694,11,operational,17,0.1228070175438596
0.9088727274267792,0.0911272725732208,0.5504576565436365,0.4495423434563635,360.0,1170.0,False,3760.0,0.0,0.9999999999999992,00,operational,18,0.4035087719298245
0.8959968567397077,0.1040031432602922,0.5504576565436365,0.4495423434563635,360.0,1430.0,False,3760.0,0.0,0.9999999999999992,01,operational,18,0.4035087719298245
0.8862143683203432,0.1137856316796568,0.6730433288840707,0.3269566711159292,360.0,1170.0,False,3760.0,0.0,0.9999999999999992,10,operational,18,0.4035087719298245
0.8105168616277002,0.1894831383722998,0.6730433288840707,0.3269566711159292,360.0,,True,3760.0,1.0,0.9061811327489596,11,operational,18,0.4035087719298245
0.9652460224298988,0.0347539775701011,0.3741794406947779,0.6258205593052221,360.0,550.0,False,3760.0,0.0,0.9999999999999992,00,operational,19,0.2105263157894736
0.9650776760704544,0.0349223239295456,0.3741794406947779,0.6258205593052221,360.0,550.0,False,3760.0,0.0,0.9999999999999992,01,operational,19,0.2105263157894736
0.9637826105564749,0.0362173894435252,0.3813709550565451,0.6186290449434548,360.0,550.0,False,3760.0,0.0,0.9999999999999992,10,operational,19,0.2105263157894736
0.9634143822379084,0.0365856177620914,0.3813709550565451,0.6186290449434548,360.0,560.0,False,3760.0,0.0,0.9999999999999992,11,operational,19,0.2105263157894736
0.9628844044929636,0.0371155955070364,0.3430913631086948,0.6569086368913052,360.0,600.0,False,3760.0,0.0,0.9999999999999992,00,operational,20,0.2456140350877192
0.9580791015826348,0.0419208984173651,0.3430913631086948,0.6569086368913052,360.0,690.0,False,3760.0,0.0,0.9999999999999992,01,operational,20,0.2456140350877192
0.9578215413003992,0.0421784586996006,0.3762295916315396,0.6237704083684604,360.0,610.0,False,3760.0,0.0,0.9999999999999992,10,operational,20,0.2456140350877192
0.826666598424991,0.1733334015750089,0.3762295916315396,0.6237704083684604,360.0,,True,3760.0,1.0,0.8435994411819693,11,operational,20,0.2456140350877192
0.9082850348666098,0.0917149651333901,0.4972717763757736,0.5027282236242264,360.0,1110.0,False,3760.0,0.0,0.9999999999999992,00,operational,21,0.4385964912280701
0.8978570535746822,0.1021429464253178,0.4972717763757736,0.5027282236242264,360.0,1250.0,False,3760.0,0.0,0.9999999999999992,01,operational,21,0.4385964912280701
0.8971739872804286,0.1028260127195713,0.5380141449145257,0.4619858550854743,360.0,1120.0,False,3760.0,0.0,0.9999999999999992,10,operational,21,0.4385964912280701
0.8775576459233307,0.1224423540766692,0.5380141449145257,0.4619858550854743,360.0,1340.0,False,3760.0,0.0,0.9999999999999992,11,operational,21,0.4385964912280701
0.970961805312578,0.029038194687422,0.3416378736784119,0.6583621263215881,360.0,480.0,False,3760.0,0.0,0.9999999999999992,00,operational,22,0.2105263157894736
0.9706229127479088,0.0293770872520913,0.3416378736784119,0.6583621263215881,360.0,480.0,False,3760.0,0.0,0.9999999999999992,01,operational,22,0.2105263157894736
0.9678240414686848,0.0321759585313151,0.3560646267884499,0.64393537321155,360.0,480.0,False,3760.0,0.0,0.9999999999999992,10,operational,22,0.2105263157894736
0.96680397764307,0.03319602235693,0.3560646267884499,0.64393537321155,360.0,500.0,False,3760.0,0.0,0.9999999999999992,11,operational,22,0.2105263157894736
0.982275175627019,0.0177248243729809,0.2213171035908286,0.7786828964091713,360.0,370.0,False,3760.0,0.0,0.9999999999999992,00,operational,23,0.1578947368421052
0.9821829851617462,0.0178170148382538,0.2213171035908286,0.7786828964091713,360.0,380.0,False,3760.0,0.0,0.9999999999999992,01,operational,23,0.1578947368421052
0.982275175627019,0.0177248243729809,0.2213171035908286,0.7786828964091713,360.0,370.0,False,3760.0,0.0,0.9999999999999992,10,operational,23,0.1578947368421052
0.9821829851617462,0.0178170148382538,0.2213171035908286,0.7786828964091713,360.0,380.0,False,3760.0,0.0,0.9999999999999992,11,operational,23,0.1578947368421052
0.9747728597131236,0.0252271402868763,0.2764915598261445,0.7235084401738555,360.0,540.0,False,3760.0,0.0,0.9999999999999992,00,operational,24,0.2105263157894736
0.9745349196305104,0.0254650803694896,0.2764915598261445,0.7235084401738555,360.0,550.0,False,3760.0,0.0,0.9999999999999992,01,operational,24,0.2105263157894736
0.9652512308359262,0.0347487691640737,0.3581757610414138,0.6418242389585862,360.0,540.0,False,3760.0,0.0,0.9999999999999992,10,operational,24,0.2105263157894736
0.9644161224976824,0.0355838775023175,0.3581757610414138,0.6418242389585862,360.0,560.0,False,3760.0,0.0,0.9999999999999992,11,operational,24,0.2105263157894736
0.9496706340974078,0.0503293659025921,0.4061065657346012,0.5938934342653988,360.0,770.0,False,3760.0,0.0,0.9999999999999992,00,operational,25,0.3157894736842105
0.9402696753102868,0.0597303246897131,0.4061065657346012,0.5938934342653988,360.0,900.0,False,3760.0,0.0,0.9999999999999992,01,operational,25,0.3157894736842105
0.9390315088198304,0.0609684911801696,0.4800461873074841,0.5199538126925158,360.0,770.0,False,3760.0,0.0,0.9999999999999992,10,operational,25,0.3157894736842105
0.8108941460484882,0.1891058539515118,0.4800461873074841,0.5199538126925158,360.0,,True,3760.0,1.0,0.8435994411819693,11,operational,25,0.3157894736842105
0.8693772430660939,0.1306227569339061,0.5104863962114273,0.4895136037885726,360.0,1400.0,False,3760.0,0.0,0.9999999999999992,00,operational,26,0.4035087719298245
0.8434224055239585,0.1565775944760414,0.5104863962114273,0.4895136037885726,360.0,1630.0,False,3760.0,0.0,0.9999999999999992,01,operational,26,0.4035087719298245
0.8609930851821054,0.1390069148178946,0.5253456078480696,0.4746543921519304,360.0,1400.0,False,3760.0,0.0,0.9999999999999992,10,operational,26,0.4035087719298245
0.7651246715775041,0.2348753284224959,0.5253456078480696,0.4746543921519304,360.0,,True,3760.0,1.0,0.8440980303790332,11,operational,26,0.4035087719298245
0.9631598656116104,0.0368401343883897,0.3373550315094388,0.6626449684905612,360.0,640.0,False,3760.0,0.0,0.9999999999999992,00,operational,27,0.3508771929824561
0.960198448446717,0.039801551553283,0.3373550315094388,0.6626449684905612,360.0,680.0,False,3760.0,0.0,0.9999999999999992,01,operational,27,0.3508771929824561
0.9596052780355032,0.0403947219644968,0.379852211557964,0.620147788442036,360.0,640.0,False,3760.0,0.0,0.9999999999999992,10,operational,27,0.3508771929824561
0.8803565939145276,0.1196434060854724,0.379852211557964,0.620147788442036,360.0,,True,3760.0,1.0,0.9061811327489596,11,operational,27,0.3508771929824561
0.9244377223100948,0.0755622776899052,0.4655136447335837,0.5344863552664163,360.0,940.0,False,3760.0,0.0,0.9999999999999992,00,operational,28,0.3333333333333333
0.91894514657133,0.08105485342867,0.4655136447335837,0.5344863552664163,360.0,1040.0,False,3760.0,0.0,0.9999999999999992,01,operational,28,0.3333333333333333
0.917382461992549,0.0826175380074509,0.4841665206279673,0.5158334793720327,360.0,950.0,False,3760.0,0.0,0.9999999999999992,10,operational,28,0.3333333333333333
0.9118904096961866,0.0881095903038133,0.4841665206279673,0.5158334793720327,360.0,1060.0,False,3760.0,0.0,0.9999999999999992,11,operational,28,0.3333333333333333
0.8982254143390633,0.1017745856609366,0.5846887242591068,0.4153112757408932,360.0,1180.0,False,3760.0,0.0,0.9999999999999992,00,operational,29,0.3859649122807017
0.8891236128348405,0.1108763871651594,0.5846887242591068,0.4153112757408932,360.0,1290.0,False,3760.0,0.0,0.9999999999999992,01,operational,29,0.3859649122807017
0.8869858545362013,0.1130141454637987,0.6637275054817212,0.3362724945182788,360.0,1180.0,False,3760.0,0.0,0.9999999999999992,10,operational,29,0.3859649122807017
0.8136780824901443,0.1863219175098557,0.6637275054817212,0.3362724945182788,360.0,,True,3760.0,1.0,0.9061811327489596,11,operational,29,0.3859649122807017
0.9615201752585384,0.0384798247414615,0.3449082435861117,0.6550917564138883,360.0,640.0,False,3760.0,0.0,0.9999999999999992,00,operational,30,0.2982456140350877
0.957673671705612,0.0423263282943878,0.3449082435861117,0.6550917564138883,360.0,700.0,False,3760.0,0.0,0.9999999999999992,01,operational,30,0.2982456140350877
0.9563872999212364,0.0436127000787637,0.3811900763679727,0.6188099236320272,360.0,640.0,False,3760.0,0.0,0.9999999999999992,10,operational,30,0.2982456140350877
0.9528813172882458,0.0471186827117542,0.3811900763679727,0.6188099236320272,360.0,720.0,False,3760.0,0.0,0.9999999999999992,11,operational,30,0.2982456140350877
0.9745028518498832,0.0254971481501168,0.2937231385250577,0.7062768614749423,360.0,520.0,False,3760.0,0.0,0.9999999999999992,00,operational,31,0.2631578947368421
0.9743708277644688,0.0256291722355312,0.2937231385250577,0.7062768614749423,360.0,520.0,False,3760.0,0.0,0.9999999999999992,01,operational,31,0.2631578947368421
0.971993257470755,0.0280067425292449,0.3271792760697777,0.6728207239302223,360.0,520.0,False,3760.0,0.0,0.9999999999999992,10,operational,31,0.2631578947368421
0.9715137689145622,0.0284862310854377,0.3271792760697777,0.6728207239302223,360.0,530.0,False,3760.0,0.0,0.9999999999999992,11,operational,31,0.2631578947368421
0.9368295651306868,0.0631704348693132,0.4185515127197544,0.5814484872802456,360.0,870.0,False,3760.0,0.0,0.9999999999999992,00,operational,32,0.3157894736842105
0.9364523119374504,0.0635476880625497,0.4185515127197544,0.5814484872802456,360.0,880.0,False,3760.0,0.0,0.9999999999999992,01,operational,32,0.3157894736842105
0.9322831254592452,0.0677168745407547,0.4316377515782248,0.5683622484217752,360.0,870.0,False,3760.0,0.0,0.9999999999999992,10,operational,32,0.3157894736842105
0.930930682225286,0.0690693177747139,0.4316377515782248,0.5683622484217752,360.0,900.0,False,3760.0,0.0,0.9999999999999992,11,operational,32,0.3157894736842105
0.9514395179491648,0.0485604820508351,0.4075191415079993,0.5924808584920007,360.0,730.0,False,3760.0,0.0,0.9999999999999992,00,operational,33,0.3157894736842105
0.9483228755755838,0.0516771244244161,0.4075191415079993,0.5924808584920007,360.0,790.0,False,3760.0,0.0,0.9999999999999992,01,operational,33,0.3157894736842105
0.9475294571407008,0.052470542859299,0.4156977046896879,0.5843022953103121,360.0,730.0,False,3760.0,0.0,0.9999999999999992,10,operational,33,0.3157894736842105
0.8705400733690405,0.1294599266309595,0.4156977046896879,0.5843022953103121,360.0,,True,3760.0,1.0,0.9061811327489596,11,operational,33,0.3157894736842105
0.8779160713760504,0.1220839286239495,0.8598289626029154,0.1401710373970846,360.0,1140.0,False,3760.0,0.0,0.9999999999999992,00,operational,34,0.3157894736842105
0.8763225507022754,0.1236774492977246,0.8598289626029154,0.1401710373970846,360.0,1160.0,False,3760.0,0.0,0.9999999999999992,01,operational,34,0.3157894736842105
0.8611151597153689,0.1388848402846311,0.9755821569625682,0.0244178430374317,360.0,1140.0,False,3760.0,0.0,0.9999999999999992,10,operational,34,0.3157894736842105
0.7921763155375822,0.2078236844624178,0.9755821569625682,0.0244178430374317,360.0,,True,3760.0,1.0,0.9061811327489596,11,operational,34,0.3157894736842105
0.970875620346995,0.0291243796530049,0.3116488316112636,0.6883511683887363,360.0,540.0,False,3760.0,0.0,0.9999999999999992,00,operational,35,0.2280701754385964
0.9700878275690004,0.0299121724309996,0.3116488316112636,0.6883511683887363,360.0,560.0,False,3760.0,0.0,0.9999999999999992,01,operational,35,0.2280701754385964
0.968182045442551,0.0318179545574489,0.3391634067822662,0.6608365932177338,360.0,540.0,False,3760.0,0.0,0.9999999999999992,10,operational,35,0.2280701754385964
0.9672698483250286,0.0327301516749714,0.3391634067822662,0.6608365932177338,360.0,600.0,False,3760.0,0.0,0.9999999999999992,11,operational,35,0.2280701754385964
0.9485367526770012,0.0514632473229986,0.3868702560588896,0.6131297439411104,360.0,720.0,False,3760.0,0.0,0.9999999999999992,00,operational,36,0.2631578947368421
0.9481789271005586,0.0518210728994413,0.3868702560588896,0.6131297439411104,360.0,730.0,False,3760.0,0.0,0.9999999999999992,01,operational,36,0.2631578947368421
0.9415951959782112,0.0584048040217888,0.4286190259416588,0.5713809740583412,360.0,730.0,False,3760.0,0.0,0.9999999999999992,10,operational,36,0.2631578947368421
0.9404845370227636,0.0595154629772364,0.4286190259416588,0.5713809740583412,360.0,740.0,False,3760.0,0.0,0.9999999999999992,11,operational,36,0.2631578947368421
0.9577466332734575,0.0422533667265424,0.4025891144718736,0.5974108855281264,360.0,600.0,False,3760.0,0.0,0.9999999999999992,00,operational,37,0.2280701754385964
0.9576173688586032,0.0423826311413968,0.4025891144718736,0.5974108855281264,360.0,610.0,False,3760.0,0.0,0.9999999999999992,01,operational,37,0.2280701754385964
0.952181717742764,0.0478182822572359,0.4388573025590716,0.5611426974409284,360.0,610.0,False,3760.0,0.0,0.9999999999999992,10,operational,37,0.2280701754385964
0.9514351874871008,0.0485648125128992,0.4388573025590716,0.5611426974409284,360.0,620.0,False,3760.0,0.0,0.9999999999999992,11,operational,37,0.2280701754385964
0.8899932155712554,0.1100067844287445,0.6877820928177607,0.3122179071822393,360.0,1130.0,False,3760.0,0.0,0.9999999999999992,00,operational,38,0.3684210526315789
0.8781061453559386,0.1218938546440614,0.6877820928177607,0.3122179071822393,360.0,1250.0,False,3760.0,0.0,0.9999999999999992,01,operational,38,0.3684210526315789
0.8761127184596924,0.1238872815403075,0.7647782337632714,0.2352217662367286,360.0,1130.0,False,3760.0,0.0,0.9999999999999992,10,operational,38,0.3684210526315789
0.7246857870948358,0.2753142129051642,0.7647782337632714,0.2352217662367286,360.0,,True,3760.0,1.0,0.794808143618939,11,operational,38,0.3684210526315789
0.8919763157803345,0.1080236842196654,0.7136993250112704,0.2863006749887296,360.0,1140.0,False,3760.0,0.0,0.9999999999999992,00,operational,39,0.3508771929824561
0.8916067009465166,0.1083932990534833,0.7136993250112704,0.2863006749887296,360.0,1150.0,False,3760.0,0.0,0.9999999999999992,01,operational,39,0.3508771929824561
0.8794162968239377,0.1205837031760622,0.7918052954136159,0.2081947045863841,360.0,1150.0,False,3760.0,0.0,0.9999999999999992,10,operational,39,0.3508771929824561
0.8783741217031034,0.1216258782968966,0.7918052954136159,0.2081947045863841,360.0,1160.0,False,3760.0,0.0,0.9999999999999992,11,operational,39,0.3508771929824561
0.9459060994389822,0.0540939005610178,0.5879757244511669,0.4120242755488331,360.0,710.0,False,3760.0,0.0,0.9999999999999992,00,operational,40,0.2456140350877192
0.9354828351485324,0.0645171648514676,0.5879757244511669,0.4120242755488331,360.0,820.0,False,3760.0,0.0,0.9999999999999992,01,operational,40,0.2456140350877192
0.9422619246984412,0.0577380753015588,0.6844947860986914,0.3155052139013086,360.0,710.0,False,3760.0,0.0,0.9999999999999992,10,operational,40,0.2456140350877192
0.9309558135909402,0.0690441864090598,0.6844947860986914,0.3155052139013086,360.0,820.0,False,3760.0,0.0,0.9999999999999992,11,operational,40,0.2456140350877192
0.953601761529424,0.0463982384705761,0.4032383445832345,0.5967616554167655,360.0,680.0,False,3760.0,0.0,0.9999999999999992,00,operational,41,0.2807017543859649
0.9501728940679218,0.0498271059320781,0.4032383445832345,0.5967616554167655,360.0,740.0,False,3760.0,0.0,0.9999999999999992,01,operational,41,0.2807017543859649
0.9460719980146702,0.0539280019853297,0.4530822039689113,0.5469177960310887,360.0,690.0,False,3760.0,0.0,0.9999999999999992,10,operational,41,0.2807017543859649
0.8687159324544764,0.1312840675455235,0.4530822039689113,0.5469177960310887,360.0,,True,3760.0,1.0,0.9061811327489596,11,operational,41,0.2807017543859649
0.9365581529256644,0.0634418470743356,0.4524548480823174,0.5475451519176826,360.0,860.0,False,3760.0,0.0,0.9999999999999992,00,operational,42,0.3333333333333333
0.9328941436926808,0.0671058563073192,0.4524548480823174,0.5475451519176826,360.0,910.0,False,3760.0,0.0,0.9999999999999992,01,operational,42,0.3333333333333333
0.9247870700238412,0.0752129299761587,0.4979244812612745,0.5020755187387255,360.0,870.0,False,3760.0,0.0,0.9999999999999992,10,operational,42,0.3333333333333333
0.8504511263397189,0.1495488736602811,0.4979244812612745,0.5020755187387255,360.0,,True,3760.0,1.0,0.9061811327489596,11,operational,42,0.3333333333333333
0.990893590321784,0.009106409678216,0.1737113730924864,0.8262886269075136,360.0,270.0,False,3760.0,0.0,0.9999999999999992,00,operational,43,0.1403508771929824
0.99087573899826,0.0091242610017401,0.1737113730924864,0.8262886269075136,360.0,270.0,False,3760.0,0.0,0.9999999999999992,01,operational,43,0.1403508771929824
0.9894112674605788,0.0105887325394212,0.2095467213162752,0.7904532786837247,360.0,280.0,False,3760.0,0.0,0.9999999999999992,10,operational,43,0.1403508771929824
0.989187805007972,0.010812194992028,0.2095467213162752,0.7904532786837247,360.0,280.0,False,3760.0,0.0,0.9999999999999992,11,operational,43,0.1403508771929824
0.9075695172886264,0.0924304827113735,0.7065867525855518,0.2934132474144481,290.0,960.0,False,3760.0,0.0,0.9999999999999992,00,operational,44,0.3157894736842105
0.9073153449752532,0.0926846550247466,0.7065867525855518,0.2934132474144481,290.0,970.0,False,3760.0,0.0,0.9999999999999992,01,operational,44,0.3157894736842105
0.8991965048941202,0.1008034951058798,0.7843347721938891,0.2156652278061109,290.0,960.0,False,3760.0,0.0,0.9999999999999992,10,operational,44,0.3157894736842105
0.8985537667394538,0.1014462332605462,0.7843347721938891,0.2156652278061109,290.0,970.0,False,3760.0,0.0,0.9999999999999992,11,operational,44,0.3157894736842105
0.975082040391,0.024917959609,0.2984554327103382,0.7015445672896617,360.0,440.0,False,3760.0,0.0,0.9999999999999992,00,operational,45,0.2105263157894736
0.974607709064463,0.0253922909355369,0.2984554327103382,0.7015445672896617,360.0,450.0,False,3760.0,0.0,0.9999999999999992,01,operational,45,0.2105263157894736
0.9723676189267062,0.0276323810732938,0.3311996803262956,0.6688003196737043,360.0,450.0,False,3760.0,0.0,0.9999999999999992,10,operational,45,0.2105263157894736
0.9709034468325513,0.0290965531674487,0.3311996803262956,0.6688003196737043,360.0,480.0,False,3760.0,0.0,0.9999999999999992,11,operational,45,0.2105263157894736
0.9120896645922923,0.0879103354077076,0.48141760558884,0.5185823944111599,360.0,1030.0,False,3760.0,0.0,0.9999999999999992,00,operational,46,0.3157894736842105
0.9056602955135244,0.0943397044864756,0.48141760558884,0.5185823944111599,360.0,1120.0,False,3760.0,0.0,0.9999999999999992,01,operational,46,0.3157894736842105
0.9058497565511128,0.0941502434488872,0.487111059269997,0.512888940730003,360.0,1040.0,False,3760.0,0.0,0.9999999999999992,10,operational,46,0.3157894736842105
0.8329881610808516,0.1670118389191484,0.487111059269997,0.512888940730003,360.0,,True,3760.0,1.0,0.9061811327489596,11,operational,46,0.3157894736842105
0.9749696579420788,0.0250303420579213,0.2807353083153134,0.7192646916846865,360.0,460.0,False,3760.0,0.0,0.9999999999999992,00,operational,47,0.175438596491228
0.9747416043804136,0.0252583956195865,0.2807353083153134,0.7192646916846865,360.0,470.0,False,3760.0,0.0,0.9999999999999992,01,operational,47,0.175438596491228
0.9705374355563048,0.0294625644436953,0.32614110869694,0.67385889130306,360.0,470.0,False,3760.0,0.0,0.9999999999999992,10,operational,47,0.175438596491228
0.9697606789034088,0.0302393210965913,0.32614110869694,0.67385889130306,360.0,490.0,False,3760.0,0.0,0.9999999999999992,11,operational,47,0.175438596491228
0.9472114360923636,0.0527885639076363,0.3842493239827044,0.6157506760172956,360.0,840.0,False,3760.0,0.0,0.9999999999999992,00,operational,48,0.4210526315789473
0.9457204955960457,0.0542795044039544,0.3842493239827044,0.6157506760172956,360.0,870.0,False,3760.0,0.0,0.9999999999999992,01,operational,48,0.4210526315789473
0.9387750425364704,0.0612249574635297,0.4476477941539738,0.5523522058460262,360.0,840.0,False,3760.0,0.0,0.9999999999999992,10,operational,48,0.4210526315789473
0.899999059537202,0.1000009404627979,0.4476477941539738,0.5523522058460262,360.0,,True,3760.0,1.0,0.9525874527262772,11,operational,48,0.4210526315789473
0.7981410890153207,0.2018589109846793,0.6477305960866048,0.3522694039133952,360.0,1820.0,False,3760.0,0.0,0.9999999999999992,00,operational,49,0.4736842105263157
0.7840213005129428,0.2159786994870571,0.6477305960866048,0.3522694039133952,360.0,1980.0,False,3760.0,0.0,0.9999999999999992,01,operational,49,0.4736842105263157
0.7816785683043528,0.2183214316956472,0.6971607106265699,0.3028392893734301,360.0,1820.0,False,3760.0,0.0,0.9999999999999992,10,operational,49,0.4736842105263157
0.7183495895269879,0.2816504104730121,0.6971607106265699,0.3028392893734301,360.0,,True,3760.0,1.0,0.9061811327489596,11,operational,49,0.4736842105263157
0.9742068309943976,0.0257931690056024,0.2915901349769734,0.7084098650230266,360.0,500.0,False,3760.0,0.0,0.9999999999999992,00,operational,50,0.2280701754385964
0.973920250730775,0.0260797492692249,0.2915901349769734,0.7084098650230266,360.0,520.0,False,3760.0,0.0,0.9999999999999992,01,operational,50,0.2280701754385964
0.9722260824325288,0.0277739175674712,0.312162369903914,0.687837630096086,360.0,500.0,False,3760.0,0.0,0.9999999999999992,10,operational,50,0.2280701754385964
0.9711135967959806,0.0288864032040193,0.312162369903914,0.687837630096086,360.0,530.0,False,3760.0,0.0,0.9999999999999992,11,operational,50,0.2280701754385964
0.9425229296252478,0.0574770703747522,0.4324169903873854,0.5675830096126145,360.0,770.0,False,3760.0,0.0,0.9999999999999992,00,operational,51,0.3157894736842105
0.9380914985697778,0.0619085014302221,0.4324169903873854,0.5675830096126145,360.0,840.0,False,3760.0,0.0,0.9999999999999992,01,operational,51,0.3157894736842105
0.9381035912932016,0.0618964087067983,0.4435623570743827,0.5564376429256173,360.0,770.0,False,3760.0,0.0,0.9999999999999992,10,operational,51,0.3157894736842105
0.8617615629672577,0.1382384370327423,0.4435623570743827,0.5564376429256173,360.0,,True,3760.0,1.0,0.9061811327489596,11,operational,51,0.3157894736842105
0.9489384697532882,0.0510615302467117,0.4182538566280693,0.5817461433719306,360.0,710.0,False,3760.0,0.0,0.9999999999999992,00,operational,52,0.2982456140350877
0.9488731626004064,0.0511268373995936,0.4182538566280693,0.5817461433719306,360.0,710.0,False,3760.0,0.0,0.9999999999999992,01,operational,52,0.2982456140350877
0.9442794561670336,0.0557205438329665,0.4429502910242983,0.5570497089757017,360.0,710.0,False,3760.0,0.0,0.9999999999999992,10,operational,52,0.2982456140350877
0.9438495110006146,0.0561504889993853,0.4429502910242983,0.5570497089757017,360.0,720.0,False,3760.0,0.0,0.9999999999999992,11,operational,52,0.2982456140350877
0.8883193706325815,0.1116806293674185,0.4882331467626755,0.5117668532373245,360.0,1280.0,False,3760.0,0.0,0.9999999999999992,00,operational,53,0.3684210526315789
0.8770448348370166,0.1229551651629834,0.4882331467626755,0.5117668532373245,360.0,1470.0,False,3760.0,0.0,0.9999999999999992,01,operational,53,0.3684210526315789
0.8787747534391543,0.1212252465608456,0.5104153569715373,0.4895846430284628,360.0,1280.0,False,3760.0,0.0,0.9999999999999992,10,operational,53,0.3684210526315789
0.8668039574046114,0.1331960425953886,0.5104153569715373,0.4895846430284628,360.0,1490.0,False,3760.0,0.0,0.9999999999999992,11,operational,53,0.3684210526315789
0.8460344596600023,0.1539655403399976,0.5578361736997703,0.4421638263002297,360.0,1520.0,False,3760.0,0.0,0.9999999999999992,00,operational,54,0.4210526315789473
0.8364912670881169,0.163508732911883,0.5578361736997703,0.4421638263002297,360.0,1630.0,False,3760.0,0.0,0.9999999999999992,01,operational,54,0.4210526315789473
0.8371639241870809,0.1628360758129191,0.5628204056083774,0.4371795943916226,360.0,1530.0,False,3760.0,0.0,0.9999999999999992,10,operational,54,0.4210526315789473
0.7708570281325418,0.2291429718674582,0.5628204056083774,0.4371795943916226,360.0,,True,3760.0,1.0,0.9061811327489596,11,operational,54,0.4210526315789473
0.968780497317726,0.0312195026822739,0.2977386379710963,0.7022613620289037,360.0,600.0,False,3760.0,0.0,0.9999999999999992,00,operational,55,0.2280701754385964
0.9687178884865784,0.0312821115134215,0.2977386379710963,0.7022613620289037,360.0,600.0,False,3760.0,0.0,0.9999999999999992,01,operational,55,0.2280701754385964
0.964823127456218,0.0351768725437821,0.3230461945210834,0.6769538054789166,360.0,610.0,False,3760.0,0.0,0.9999999999999992,10,operational,55,0.2280701754385964
0.9647540166920362,0.0352459833079638,0.3230461945210834,0.6769538054789166,360.0,610.0,False,3760.0,0.0,0.9999999999999992,11,operational,55,0.2280701754385964
0.8216585874018975,0.1783414125981025,0.8437926320241895,0.1562073679758104,360.0,1550.0,False,3760.0,0.0,0.9999999999999992,00,operational,56,0.4210526315789473
0.7502937860866848,0.2497062139133151,0.8437926320241895,0.1562073679758104,360.0,1850.0,False,3760.0,0.0,0.9999999999999992,01,operational,56,0.4210526315789473
0.8062284991077406,0.1937715008922593,0.939194134032426,0.060805865967574,230.0,1550.0,False,3760.0,0.0,0.9999999999999992,10,operational,56,0.4210526315789473
0.1045129521106153,0.8954870478893846,0.939194134032426,0.060805865967574,230.0,,True,3760.0,1.0,0.0734484579158179,11,operational,56,0.4210526315789473
0.9424007584829815,0.0575992415170183,0.4058812508485244,0.5941187491514756,360.0,790.0,False,3760.0,0.0,0.9999999999999992,00,operational,57,0.2982456140350877
0.9353523942290088,0.0646476057709912,0.4058812508485244,0.5941187491514756,360.0,900.0,False,3760.0,0.0,0.9999999999999992,01,operational,57,0.2982456140350877
0.9390856368089364,0.0609143631910635,0.4058942347029244,0.5941057652970756,360.0,790.0,False,3760.0,0.0,0.9999999999999992,10,operational,57,0.2982456140350877
0.9346751356648272,0.0653248643351728,0.4058942347029244,0.5941057652970756,360.0,920.0,False,3760.0,0.0,0.9999999999999992,11,operational,57,0.2982456140350877
0.9726821933810346,0.0273178066189654,0.2908133966740145,0.7091866033259855,360.0,510.0,False,3760.0,0.0,0.9999999999999992,00,operational,58,0.2280701754385964
0.9726821933810346,0.0273178066189654,0.2908133966740145,0.7091866033259855,360.0,510.0,False,3760.0,0.0,0.9999999999999992,01,operational,58,0.2280701754385964
0.968536396200971,0.031463603799029,0.3284692031001013,0.6715307968998987,360.0,510.0,False,3760.0,0.0,0.9999999999999992,10,operational,58,0.2280701754385964
0.968536396200971,0.031463603799029,0.3284692031001013,0.6715307968998987,360.0,510.0,False,3760.0,0.0,0.9999999999999992,11,operational,58,0.2280701754385964
0.926821973818579,0.073178026181421,0.4374140195456392,0.5625859804543608,270.0,1040.0,False,3760.0,0.0,0.9999999999999992,00,operational,59,0.2982456140350877
0.9253158445182748,0.0746841554817251,0.4374140195456392,0.5625859804543608,270.0,1070.0,False,3760.0,0.0,0.9999999999999992,01,operational,59,0.2982456140350877
0.9109968505433164,0.0890031494566837,0.5081508764547396,0.4918491235452604,270.0,1040.0,False,3760.0,0.0,0.9999999999999992,10,operational,59,0.2982456140350877
0.9071534414665317,0.0928465585334683,0.5081508764547396,0.4918491235452604,270.0,1110.0,False,3760.0,0.0,0.9999999999999992,11,operational,59,0.2982456140350877
0.923773236835498,0.076226763164502,0.4194649585784179,0.5805350414215821,360.0,1030.0,False,3760.0,0.0,0.9999999999999992,00,operational,60,0.3157894736842105
0.918961005840184,0.0810389941598159,0.4194649585784179,0.5805350414215821,360.0,1110.0,False,3760.0,0.0,0.9999999999999992,01,operational,60,0.3157894736842105
0.9198522227202972,0.0801477772797029,0.4194649585784179,0.5805350414215821,360.0,1030.0,False,3760.0,0.0,0.9999999999999992,10,operational,60,0.3157894736842105
0.914539563258866,0.0854604367411341,0.4194649585784179,0.5805350414215821,360.0,1120.0,False,3760.0,0.0,0.9999999999999992,11,operational,60,0.3157894736842105
0.9794985759810796,0.0205014240189203,0.2622810440322245,0.7377189559677755,360.0,410.0,False,3760.0,0.0,0.9999999999999992,00,operational,61,0.1929824561403508
0.979249378742788,0.020750621257212,0.2622810440322245,0.7377189559677755,360.0,420.0,False,3760.0,0.0,0.9999999999999992,01,operational,61,0.1929824561403508
0.975943669320613,0.0240563306793869,0.2985984451279992,0.7014015548720007,360.0,420.0,False,3760.0,0.0,0.9999999999999992,10,operational,61,0.1929824561403508
0.9749853096443986,0.0250146903556014,0.2985984451279992,0.7014015548720007,360.0,440.0,False,3760.0,0.0,0.9999999999999992,11,operational,61,0.1929824561403508
0.9807058130983272,0.0192941869016728,0.2297093982303031,0.7702906017696969,360.0,420.0,False,3760.0,0.0,0.9999999999999992,00,operational,62,0.1578947368421052
0.9806788381304348,0.0193211618695652,0.2297093982303031,0.7702906017696969,360.0,420.0,False,3760.0,0.0,0.9999999999999992,01,operational,62,0.1578947368421052
0.9785272842500148,0.0214727157499852,0.2433461529611768,0.7566538470388232,360.0,430.0,False,3760.0,0.0,0.9999999999999992,10,operational,62,0.1578947368421052
0.9782423956029092,0.0217576043970908,0.2433461529611768,0.7566538470388232,360.0,440.0,False,3760.0,0.0,0.9999999999999992,11,operational,62,0.1578947368421052
0.8837231192701728,0.1162768807298272,0.6646407895223574,0.3353592104776426,360.0,1180.0,False,3760.0,0.0,0.9999999999999992,00,operational,63,0.3684210526315789
0.8610296499966001,0.1389703500033998,0.6646407895223574,0.3353592104776426,360.0,1440.0,False,3760.0,0.0,0.9999999999999992,01,operational,63,0.3684210526315789
0.8725687649795187,0.1274312350204812,0.7339523462485661,0.2660476537514339,360.0,1190.0,False,3760.0,0.0,0.9999999999999992,10,operational,63,0.3684210526315789
0.7297345676858311,0.2702654323141689,0.7339523462485661,0.2660476537514339,360.0,,True,3760.0,1.0,0.8435994411819694,11,operational,63,0.3684210526315789
0.9197975693247152,0.0802024306752848,0.5874725263796592,0.4125274736203407,360.0,890.0,False,3760.0,0.0,0.9999999999999992,00,operational,64,0.3157894736842105
0.9190653606217684,0.0809346393782316,0.5874725263796592,0.4125274736203407,360.0,900.0,False,3760.0,0.0,0.9999999999999992,01,operational,64,0.3157894736842105
0.9120207128516464,0.0879792871483536,0.6449824327459297,0.3550175672540703,360.0,890.0,False,3760.0,0.0,0.9999999999999992,10,operational,64,0.3157894736842105
0.90998850355819,0.09001149644181,0.6449824327459297,0.3550175672540703,360.0,920.0,False,3760.0,0.0,0.9999999999999992,11,operational,64,0.3157894736842105
0.9848869648483118,0.0151130351516881,0.2188760012961974,0.7811239987038026,360.0,360.0,False,3760.0,0.0,0.9999999999999992,00,operational,65,0.175438596491228
0.9846152135821026,0.0153847864178974,0.2188760012961974,0.7811239987038026,360.0,360.0,False,3760.0,0.0,0.9999999999999992,01,operational,65,0.175438596491228
0.9800580058689204,0.0199419941310796,0.3012832348825699,0.6987167651174301,360.0,360.0,False,3760.0,0.0,0.9999999999999992,10,operational,65,0.175438596491228
0.8978025605634116,0.1021974394365884,0.3012832348825699,0.6987167651174301,360.0,,True,3760.0,1.0,0.9061811327489596,11,operational,65,0.175438596491228
0.9626216708930456,0.0373783291069543,0.3720009155489403,0.6279990844510597,360.0,590.0,False,3760.0,0.0,0.9999999999999992,00,operational,66,0.1929824561403508
0.962335727795493,0.0376642722045069,0.3720009155489403,0.6279990844510597,360.0,600.0,False,3760.0,0.0,0.9999999999999992,01,operational,66,0.1929824561403508
0.95833116153014,0.0416688384698601,0.3946490024608232,0.6053509975391768,360.0,600.0,False,3760.0,0.0,0.9999999999999992,10,operational,66,0.1929824561403508
0.9573267776845552,0.0426732223154449,0.3946490024608232,0.6053509975391768,360.0,620.0,False,3760.0,0.0,0.9999999999999992,11,operational,66,0.1929824561403508
0.9429251071945852,0.0570748928054146,0.393331793746663,0.606668206253337,360.0,870.0,False,3760.0,0.0,0.9999999999999992,00,operational,67,0.3333333333333333
0.9347774127457804,0.0652225872542197,0.393331793746663,0.606668206253337,360.0,980.0,False,3760.0,0.0,0.9999999999999992,01,operational,67,0.3333333333333333
0.9315214948530788,0.0684785051469213,0.4410707666085541,0.5589292333914458,360.0,880.0,False,3760.0,0.0,0.9999999999999992,10,operational,67,0.3333333333333333
0.928356719217336,0.0716432807826641,0.4410707666085541,0.5589292333914458,360.0,990.0,False,3760.0,0.0,0.9999999999999992,11,operational,67,0.3333333333333333
0.8745733800266161,0.1254266199733839,0.8349431793927193,0.1650568206072806,360.0,1200.0,False,3760.0,0.0,0.9999999999999992,00,operational,68,0.3508771929824561
0.8311113901754486,0.1688886098245514,0.8349431793927193,0.1650568206072806,360.0,1480.0,False,3760.0,0.0,0.9999999999999992,01,operational,68,0.3508771929824561
0.8552051496066758,0.1447948503933241,0.9509119742165522,0.0490880257834477,280.0,1200.0,False,3760.0,0.0,0.9999999999999992,10,operational,68,0.3508771929824561
0.1103398138715864,0.8896601861284136,0.9509119742165522,0.0490880257834477,280.0,,True,3760.0,1.0,0.0895127149439303,11,operational,68,0.3508771929824561
0.8818790594078594,0.1181209405921406,0.6685224582125491,0.3314775417874509,360.0,1220.0,False,3760.0,0.0,0.9999999999999992,00,operational,69,0.3684210526315789
0.862107320481726,0.137892679518274,0.6685224582125491,0.3314775417874509,360.0,1470.0,False,3760.0,0.0,0.9999999999999992,01,operational,69,0.3684210526315789
0.8710540021301456,0.1289459978698544,0.7279669386270968,0.2720330613729032,360.0,1220.0,False,3760.0,0.0,0.9999999999999992,10,operational,69,0.3684210526315789
0.7250100445033689,0.2749899554966311,0.7279669386270968,0.2720330613729032,360.0,,True,3760.0,1.0,0.8435994411819693,11,operational,69,0.3684210526315789
0.9203200597579748,0.079679940242025,0.5036041413350483,0.4963958586649517,360.0,910.0,False,3760.0,0.0,0.9999999999999992,00,operational,70,0.2982456140350877
0.9141729995884184,0.0858270004115816,0.5036041413350483,0.4963958586649517,360.0,1000.0,False,3760.0,0.0,0.9999999999999992,01,operational,70,0.2982456140350877
0.915940417758945,0.084059582241055,0.5077526337141126,0.4922473662858874,360.0,910.0,False,3760.0,0.0,0.9999999999999992,10,operational,70,0.2982456140350877
0.8418111333316856,0.1581888666683144,0.5077526337141126,0.4922473662858874,360.0,,True,3760.0,1.0,0.9061811327489596,11,operational,70,0.2982456140350877
0.8993578860981035,0.1006421139018964,0.5210834267655285,0.4789165732344714,360.0,1110.0,False,3760.0,0.0,0.9999999999999992,00,operational,71,0.3684210526315789
0.8808246322013131,0.1191753677986868,0.5210834267655285,0.4789165732344714,360.0,1330.0,False,3760.0,0.0,0.9999999999999992,01,operational,71,0.3684210526315789
0.8902779361801649,0.109722063819835,0.5535589268175922,0.4464410731824078,360.0,1110.0,False,3760.0,0.0,0.9999999999999992,10,operational,71,0.3684210526315789
0.750054702650616,0.2499452973493839,0.5535589268175922,0.4464410731824078,360.0,,True,3760.0,1.0,0.8063523276520184,11,operational,71,0.3684210526315789
0.9670895061616318,0.0329104938383681,0.3183208589615826,0.6816791410384174,360.0,630.0,False,3760.0,0.0,0.9999999999999992,00,operational,72,0.2456140350877192
0.9644538013449532,0.0355461986550468,0.3183208589615826,0.6816791410384174,360.0,670.0,False,3760.0,0.0,0.9999999999999992,01,operational,72,0.2456140350877192
0.9621555918767029,0.0378444081232972,0.3507364594023346,0.6492635405976653,360.0,630.0,False,3760.0,0.0,0.9999999999999992,10,operational,72,0.2456140350877192
0.9591431430849842,0.0408568569150158,0.3507364594023346,0.6492635405976653,360.0,680.0,False,3760.0,0.0,0.9999999999999992,11,operational,72,0.2456140350877192
0.954529420474225,0.045470579525775,0.3737131359991975,0.6262868640008025,360.0,690.0,False,3760.0,0.0,0.9999999999999992,00,operational,73,0.3333333333333333
0.9515663226991188,0.0484336773008813,0.3737131359991975,0.6262868640008025,360.0,730.0,False,3760.0,0.0,0.9999999999999992,01,operational,73,0.3333333333333333
0.9494846922684944,0.0505153077315055,0.4143327235697076,0.5856672764302924,360.0,690.0,False,3760.0,0.0,0.9999999999999992,10,operational,73,0.3333333333333333
0.8725104013216302,0.1274895986783698,0.4143327235697076,0.5856672764302924,360.0,,True,3760.0,1.0,0.9061811327489596,11,operational,73,0.3333333333333333
0.9416840697482544,0.0583159302517455,0.4190076324357492,0.5809923675642508,360.0,820.0,False,3760.0,0.0,0.9999999999999992,00,operational,74,0.3508771929824561
0.9413955306401324,0.0586044693598676,0.4190076324357492,0.5809923675642508,360.0,820.0,False,3760.0,0.0,0.9999999999999992,01,operational,74,0.3508771929824561
0.936007686253435,0.063992313746565,0.4286905121796536,0.5713094878203464,360.0,820.0,False,3760.0,0.0,0.9999999999999992,10,operational,74,0.3508771929824561
0.9351055528100172,0.0648944471899827,0.4286905121796536,0.5713094878203464,360.0,830.0,False,3760.0,0.0,0.9999999999999992,11,operational,74,0.3508771929824561
0.8959144501069479,0.104085549893052,0.5120990364841977,0.4879009635158023,360.0,1150.0,False,3760.0,0.0,0.9999999999999992,00,operational,75,0.3859649122807017
0.8918427123867386,0.1081572876132613,0.5120990364841977,0.4879009635158023,360.0,1220.0,False,3760.0,0.0,0.9999999999999992,01,operational,75,0.3859649122807017
0.8864394470282896,0.1135605529717104,0.5186944337680279,0.481305566231972,360.0,1160.0,False,3760.0,0.0,0.9999999999999992,10,operational,75,0.3859649122807017
0.8176802798030567,0.1823197201969433,0.5186944337680279,0.481305566231972,360.0,,True,3760.0,1.0,0.9061811327489596,11,operational,75,0.3859649122807017
0.8661382128052144,0.1338617871947856,0.8661565791344652,0.1338434208655348,360.0,1250.0,False,3760.0,0.0,0.9999999999999992,00,operational,76,0.4035087719298245
0.8496656455269407,0.1503343544730593,0.8661565791344652,0.1338434208655348,360.0,1390.0,False,3760.0,0.0,0.9999999999999992,01,operational,76,0.4035087719298245
0.8440029081625174,0.1559970918374825,0.9761943780608332,0.0238056219391667,360.0,1250.0,False,3760.0,0.0,0.9999999999999992,10,operational,76,0.4035087719298245
0.7298125372866882,0.2701874627133118,0.9761943780608332,0.0238056219391667,360.0,,True,3760.0,1.0,0.8435994411819693,11,operational,76,0.4035087719298245
0.952299310574636,0.047700689425364,0.3993981463224296,0.6006018536775704,360.0,680.0,False,3760.0,0.0,0.9999999999999992,00,operational,77,0.2807017543859649
0.951882347616113,0.0481176523838869,0.3993981463224296,0.6006018536775704,360.0,690.0,False,3760.0,0.0,0.9999999999999992,01,operational,77,0.2807017543859649
0.949671108225214,0.0503288917747859,0.4091497970772734,0.5908502029227266,360.0,680.0,False,3760.0,0.0,0.9999999999999992,10,operational,77,0.2807017543859649
0.9485728936282536,0.0514271063717463,0.4091497970772734,0.5908502029227266,360.0,710.0,False,3760.0,0.0,0.9999999999999992,11,operational,77,0.2807017543859649
0.8808339554910426,0.1191660445089574,0.6839342274958101,0.3160657725041899,360.0,1290.0,False,3760.0,0.0,0.9999999999999992,00,operational,78,0.4736842105263157
0.8671425954615534,0.1328574045384466,0.6839342274958101,0.3160657725041899,360.0,1460.0,False,3760.0,0.0,0.9999999999999992,01,operational,78,0.4736842105263157
0.868839619741391,0.131160380258609,0.733628993238512,0.2663710067614879,360.0,1290.0,False,3760.0,0.0,0.9999999999999992,10,operational,78,0.4736842105263157
0.753179588329039,0.246820411670961,0.733628993238512,0.2663710067614879,360.0,,True,3760.0,1.0,0.8435994411819692,11,operational,78,0.4736842105263157
0.9382334529709372,0.0617665470290627,0.4394539269415468,0.5605460730584532,360.0,820.0,False,3760.0,0.0,0.9999999999999992,00,operational,79,0.3157894736842105
0.9370308231693985,0.0629691768306016,0.4394539269415468,0.5605460730584532,360.0,850.0,False,3760.0,0.0,0.9999999999999992,01,operational,79,0.3157894736842105
0.9351690990163471,0.0648309009836527,0.4475302665411145,0.5524697334588855,360.0,820.0,False,3760.0,0.0,0.9999999999999992,10,operational,79,0.3157894736842105
0.93286450286721,0.0671354971327898,0.4475302665411145,0.5524697334588855,360.0,870.0,False,3760.0,0.0,0.9999999999999992,11,operational,79,0.3157894736842105
0.8496329066947301,0.1503670933052698,0.7310778876740448,0.2689221123259552,290.0,1390.0,False,3760.0,0.0,0.9999999999999992,00,operational,80,0.3859649122807017
0.8415155156581359,0.1584844843418641,0.7310778876740448,0.2689221123259552,290.0,1490.0,False,3760.0,0.0,0.9999999999999992,01,operational,80,0.3859649122807017
0.8391705478122377,0.1608294521877623,0.7449144262673282,0.2550855737326717,290.0,1400.0,False,3760.0,0.0,0.9999999999999992,10,operational,80,0.3859649122807017
0.742832748099022,0.257167251900978,0.7449144262673282,0.2550855737326717,290.0,,True,3760.0,1.0,0.8589868297628985,11,operational,80,0.3859649122807017
0.9102241334983008,0.0897758665016991,0.4793224130945021,0.5206775869054979,360.0,1130.0,False,3760.0,0.0,0.9999999999999992,00,operational,81,0.4210526315789473
0.90156739309163,0.09843260690837,0.4793224130945021,0.5206775869054979,360.0,1240.0,False,3760.0,0.0,0.9999999999999992,01,operational,81,0.4210526315789473
0.8944816857186471,0.1055183142813529,0.5321856309717032,0.4678143690282967,360.0,1130.0,False,3760.0,0.0,0.9999999999999992,10,operational,81,0.4210526315789473
0.8152924654875269,0.1847075345124731,0.5321856309717032,0.4678143690282967,360.0,,True,3760.0,1.0,0.9061811327489596,11,operational,81,0.4210526315789473
0.9265806601387728,0.073419339861227,0.4600315892006898,0.5399684107993101,360.0,960.0,False,3760.0,0.0,0.9999999999999992,00,operational,82,0.3508771929824561
0.9257204338438344,0.0742795661561656,0.4600315892006898,0.5399684107993101,360.0,980.0,False,3760.0,0.0,0.9999999999999992,01,operational,82,0.3508771929824561
0.9176928436709988,0.0823071563290013,0.4759332517418583,0.5240667482581417,360.0,970.0,False,3760.0,0.0,0.9999999999999992,10,operational,82,0.3508771929824561
0.914748753323132,0.085251246676868,0.4759332517418583,0.5240667482581417,360.0,1020.0,False,3760.0,0.0,0.9999999999999992,11,operational,82,0.3508771929824561
0.9222724151877034,0.0777275848122965,0.4503743020386609,0.5496256979613391,360.0,1000.0,False,3760.0,0.0,0.9999999999999992,00,operational,83,0.3684210526315789
0.91750334705547,0.0824966529445299,0.4503743020386609,0.5496256979613391,360.0,1070.0,False,3760.0,0.0,0.9999999999999992,01,operational,83,0.3684210526315789
0.9136291460946966,0.0863708539053034,0.4608610523636848,0.5391389476363152,360.0,1000.0,False,3760.0,0.0,0.9999999999999992,10,operational,83,0.3684210526315789
0.9097834258763404,0.0902165741236596,0.4608610523636848,0.5391389476363152,360.0,1080.0,False,3760.0,0.0,0.9999999999999992,11,operational,83,0.3684210526315789
0.9592133525101468,0.0407866474898532,0.3817895397444096,0.6182104602555903,360.0,600.0,False,3760.0,0.0,0.9999999999999992,00,operational,84,0.1929824561403508
0.9576386914866892,0.0423613085133106,0.3817895397444096,0.6182104602555903,360.0,620.0,False,3760.0,0.0,0.9999999999999992,01,operational,84,0.1929824561403508
0.9506737823258724,0.0493262176741274,0.4475977294471606,0.5524022705528394,360.0,610.0,False,3760.0,0.0,0.9999999999999992,10,operational,84,0.1929824561403508
0.819948378250434,0.180051621749566,0.4475977294471606,0.5524022705528394,360.0,,True,3760.0,1.0,0.8435994411819693,11,operational,84,0.1929824561403508
0.9532201632267512,0.0467798367732489,0.4202270057429781,0.5797729942570219,360.0,620.0,False,3760.0,0.0,0.9999999999999992,00,operational,85,0.2105263157894736
0.9500661621751604,0.0499338378248396,0.4202270057429781,0.5797729942570219,360.0,680.0,False,3760.0,0.0,0.9999999999999992,01,operational,85,0.2105263157894736
0.9497022970663972,0.0502977029336026,0.4298412299765347,0.5701587700234653,360.0,630.0,False,3760.0,0.0,0.9999999999999992,10,operational,85,0.2105263157894736
0.8721086936587091,0.1278913063412908,0.4298412299765347,0.5701587700234653,360.0,,True,3760.0,1.0,0.9061811327489596,11,operational,85,0.2105263157894736
0.9336087989071864,0.0663912010928137,0.4502839075493328,0.5497160924506672,360.0,840.0,False,3760.0,0.0,0.9999999999999992,00,operational,86,0.3157894736842105
0.9292740759572072,0.0707259240427927,0.4502839075493328,0.5497160924506672,360.0,900.0,False,3760.0,0.0,0.9999999999999992,01,operational,86,0.3157894736842105
0.9297409022250496,0.0702590977749503,0.4628816277232308,0.5371183722767692,360.0,840.0,False,3760.0,0.0,0.9999999999999992,10,operational,86,0.3157894736842105
0.8558957808737433,0.1441042191262567,0.4628816277232308,0.5371183722767692,360.0,,True,3760.0,1.0,0.9061811327489596,11,operational,86,0.3157894736842105
0.9470772948961422,0.0529227051038577,0.4236901657525884,0.5763098342474116,360.0,720.0,False,3760.0,0.0,0.9999999999999992,00,operational,87,0.2982456140350877
0.9463138581898712,0.0536861418101287,0.4236901657525884,0.5763098342474116,360.0,730.0,False,3760.0,0.0,0.9999999999999992,01,operational,87,0.2982456140350877
0.9449551364932472,0.0550448635067527,0.4334026848940869,0.566597315105913,360.0,720.0,False,3760.0,0.0,0.9999999999999992,10,operational,87,0.2982456140350877
0.9437630531691652,0.0562369468308348,0.4334026848940869,0.566597315105913,360.0,740.0,False,3760.0,0.0,0.9999999999999992,11,operational,87,0.2982456140350877
0.946189259013003,0.053810740986997,0.4002476367839732,0.5997523632160268,360.0,750.0,False,3760.0,0.0,0.9999999999999992,00,operational,88,0.2280701754385964
0.9453302917557792,0.0546697082442207,0.4002476367839732,0.5997523632160268,360.0,760.0,False,3760.0,0.0,0.9999999999999992,01,operational,88,0.2280701754385964
0.9387768874578069,0.0612231125421931,0.4287931843477385,0.5712068156522615,360.0,750.0,False,3760.0,0.0,0.9999999999999992,10,operational,88,0.2280701754385964
0.8627727639689851,0.1372272360310149,0.4287931843477385,0.5712068156522615,360.0,,True,3760.0,1.0,0.9061811327489596,11,operational,88,0.2280701754385964
0.9353690588635136,0.0646309411364863,0.4402186864883726,0.5597813135116274,360.0,840.0,False,3760.0,0.0,0.9999999999999992,00,operational,89,0.2631578947368421
0.9268262833243608,0.0731737166756393,0.4402186864883726,0.5597813135116274,360.0,980.0,False,3760.0,0.0,0.9999999999999992,01,operational,89,0.2631578947368421
0.922720761675586,0.077279238324414,0.4840058995001698,0.5159941004998302,360.0,850.0,False,3760.0,0.0,0.9999999999999992,10,operational,89,0.2631578947368421
0.8446270881632031,0.1553729118367969,0.4840058995001698,0.5159941004998302,360.0,,True,3760.0,1.0,0.9061811327489596,11,operational,89,0.2631578947368421
0.944984745194943,0.0550152548050569,0.456231753711854,0.543768246288146,360.0,780.0,False,3760.0,0.0,0.9999999999999992,00,operational,90,0.3333333333333333
0.939547677216812,0.0604523227831881,0.456231753711854,0.543768246288146,360.0,870.0,False,3760.0,0.0,0.9999999999999992,01,operational,90,0.3333333333333333
0.937788556740659,0.062211443259341,0.4852823242170507,0.5147176757829492,360.0,790.0,False,3760.0,0.0,0.9999999999999992,10,operational,90,0.3333333333333333
0.8567626961529793,0.1432373038470207,0.4852823242170507,0.5147176757829492,360.0,,True,3760.0,1.0,0.9061811327489596,11,operational,90,0.3333333333333333
0.9276756818286463,0.0723243181713536,0.4007954275107476,0.5992045724892524,360.0,1030.0,False,3760.0,0.0,0.9999999999999992,00,operational,91,0.2807017543859649
0.9250460205297608,0.0749539794702393,0.4007954275107476,0.5992045724892524,360.0,1070.0,False,3760.0,0.0,0.9999999999999992,01,operational,91,0.2807017543859649
0.9150151043608756,0.0849848956391244,0.4651789307309252,0.5348210692690748,360.0,1030.0,False,3760.0,0.0,0.9999999999999992,10,operational,91,0.2807017543859649
0.8420993976129322,0.1579006023870678,0.4651789307309252,0.5348210692690748,360.0,,True,3760.0,1.0,0.9061811327489596,11,operational,91,0.2807017543859649
0.9730767772396224,0.0269232227603777,0.2658911087892467,0.7341088912107533,360.0,530.0,False,3760.0,0.0,0.9999999999999992,00,operational,92,0.175438596491228
0.9730767772396224,0.0269232227603777,0.2658911087892467,0.7341088912107533,360.0,530.0,False,3760.0,0.0,0.9999999999999992,01,operational,92,0.175438596491228
0.9686852270082966,0.0313147729917033,0.2977221852836555,0.7022778147163444,360.0,530.0,False,3760.0,0.0,0.9999999999999992,10,operational,92,0.175438596491228
0.9686852270082966,0.0313147729917033,0.2977221852836555,0.7022778147163444,360.0,530.0,False,3760.0,0.0,0.9999999999999992,11,operational,92,0.175438596491228
0.9414939640577143,0.0585060359422855,0.4101732406207975,0.5898267593792025,360.0,910.0,False,3760.0,0.0,0.9999999999999992,00,operational,93,0.3859649122807017
0.9336850103011498,0.0663149896988501,0.4101732406207975,0.5898267593792025,360.0,1020.0,False,3760.0,0.0,0.9999999999999992,01,operational,93,0.3859649122807017
0.9284459907119696,0.0715540092880304,0.4746922914969943,0.5253077085030057,360.0,910.0,False,3760.0,0.0,0.9999999999999992,10,operational,93,0.3859649122807017
0.8478338128938371,0.1521661871061629,0.4746922914969943,0.5253077085030057,360.0,,True,3760.0,1.0,0.9061811327489596,11,operational,93,0.3859649122807017
0.944749705933318,0.055250294066682,0.3988472029025983,0.6011527970974017,360.0,790.0,False,3760.0,0.0,0.9999999999999992,00,operational,94,0.3333333333333333
0.9410944362874364,0.0589055637125637,0.3988472029025983,0.6011527970974017,360.0,840.0,False,3760.0,0.0,0.9999999999999992,01,operational,94,0.3333333333333333
0.9391846757753732,0.0608153242246266,0.4326720492022468,0.5673279507977532,360.0,790.0,False,3760.0,0.0,0.9999999999999992,10,operational,94,0.3333333333333333
0.9020476067797722,0.0979523932202277,0.4326720492022468,0.5673279507977532,360.0,,True,3760.0,1.0,0.9525874527262772,11,operational,94,0.3333333333333333
0.9131268020687794,0.0868731979312206,0.7289529261258805,0.2710470738741196,360.0,980.0,False,3760.0,0.0,0.9999999999999992,00,operational,95,0.3333333333333333
0.9098312722588464,0.0901687277411537,0.7289529261258805,0.2710470738741196,360.0,1020.0,False,3760.0,0.0,0.9999999999999992,01,operational,95,0.3333333333333333
0.9002851539178255,0.0997148460821745,0.8471749956290584,0.1528250043709416,360.0,980.0,False,3760.0,0.0,0.9999999999999992,10,operational,95,0.3333333333333333
0.8945287914021576,0.1054712085978424,0.8471749956290584,0.1528250043709416,360.0,1060.0,False,3760.0,0.0,0.9999999999999992,11,operational,95,0.3333333333333333
0.9263364519336158,0.0736635480663842,0.5028909945847919,0.497109005415208,360.0,990.0,False,3760.0,0.0,0.9999999999999992,00,operational,96,0.3508771929824561
0.925678458896199,0.0743215411038009,0.5028909945847919,0.497109005415208,360.0,1000.0,False,3760.0,0.0,0.9999999999999992,01,operational,96,0.3508771929824561
0.9098374355483738,0.0901625644516261,0.6160943449386345,0.3839056550613656,360.0,990.0,False,3760.0,0.0,0.9999999999999992,10,operational,96,0.3508771929824561
0.907027303138634,0.0929726968613658,0.6160943449386345,0.3839056550613656,360.0,1040.0,False,3760.0,0.0,0.9999999999999992,11,operational,96,0.3508771929824561
0.9760963855906148,0.0239036144093851,0.4815825999349095,0.5184174000650905,360.0,350.0,False,3760.0,0.0,0.9999999999999992,00,operational,97,0.1228070175438596
0.9760963855906148,0.0239036144093851,0.4815825999349095,0.5184174000650905,360.0,350.0,False,3760.0,0.0,0.9999999999999992,01,operational,97,0.1228070175438596
0.965932292450599,0.034067707549401,0.7606636195105871,0.2393363804894128,360.0,350.0,False,3760.0,0.0,0.9999999999999992,10,operational,97,0.1228070175438596
0.9659309954897491,0.0340690045102508,0.7606636195105871,0.2393363804894128,360.0,350.0,False,3760.0,0.0,0.9999999999999992,11,operational,97,0.1228070175438596
0.8275994216892079,0.1724005783107921,0.5968880658118486,0.4031119341881514,360.0,1650.0,False,3760.0,0.0,0.9999999999999992,00,operational,98,0.3508771929824561
0.8227445443061786,0.1772554556938214,0.5968880658118486,0.4031119341881514,360.0,1710.0,False,3760.0,0.0,0.9999999999999992,01,operational,98,0.3508771929824561
0.8144102046883028,0.1855897953116971,0.6198951702015192,0.3801048297984808,360.0,1660.0,False,3760.0,0.0,0.9999999999999992,10,operational,98,0.3508771929824561
0.809721708692601,0.190278291307399,0.6198951702015192,0.3801048297984808,360.0,1770.0,False,3760.0,0.0,0.9999999999999992,11,operational,98,0.3508771929824561
0.9406866073074082,0.0593133926925918,0.4646596060565627,0.5353403939434372,360.0,790.0,False,3760.0,0.0,0.9999999999999992,00,operational,99,0.3333333333333333
0.9362305735309852,0.0637694264690147,0.4646596060565627,0.5353403939434372,360.0,870.0,False,3760.0,0.0,0.9999999999999992,01,operational,99,0.3333333333333333
0.939864332979397,0.060135667020603,0.4669883537990374,0.5330116462009625,360.0,790.0,False,3760.0,0.0,0.9999999999999992,10,operational,99,0.3333333333333333
0.9346147834052556,0.0653852165947443,0.4669883537990374,0.5330116462009625,360.0,880.0,False,3760.0,0.0,0.9999999999999992,11,operational,99,0.3333333333333333
